wallet,wallet_age_days,tx_count,avg_tx_value_eth,active_days,gitcoin_passport_score,fico_score
0xfa65221de5e4f3c465f50aabfe782781410cc6c1,3590,4,2.6516,10,15.15,350
0xb7d8f2e74648c70d92cf5ce72f363b7c0e11c750,3258,61,1.4608,1001,18.02,500
0xfb92a0b754632221c35536d668b6d6d3272d5d2e,2743,79,1.2914,673,35.64,543
0x658b1a0e88cb37038579c1542d99f3c92c5b5063,501,32,1.6595,62,90.31,489
0x960235d38069e87460dda8438f02f83722f28613,2553,61,1.4656,1115,13.47,515
0xf31ea328906fee76169d925cb211a0dde080f932,1413,60,1.4903,629,44.06,545
0x9bcd098320bdebc67e209f40e10abad7888a976e,264,83,1.2834,61,75.75,589
0xb423fcbb1b5a0530b2422036e2fdf90de647e3fc,34,99,1.7693,33,69.61,730
0x6ce3791307c22669ec7fed83147ac8eae653668a,1457,99,1.3065,1124,15.24,642
0x078de980a92d7dde2e2645c9045ddc002a928396,2169,24,1.1293,842,2.08,419
0xa7f43948257f1565d0067651245cd54d62ab9b51,380,94,1.6008,336,73.37,710
0x1eb5bc70040d60d0dd1fa3a2e44e725b4c928a70,3131,96,1.4952,1022,30.29,586
0x872f6a35e46bd4d78e4317807e7e9b82a46acaa2,1018,70,1.636,670,87.88,642
0xc1aa74ada5f931641f58e879a7124f6074af1b9f,978,47,1.2681,206,28.95,467
0x40c62665d97580060774ac6a4a04faf0079de8fe,747,13,1.727,22,24.11,371
0x588ee0bc617640d259a063b7961150122c5895a2,772,60,1.1706,25,62.94,499
0x691dd23208663b907908034fa4811d92d4b6fb60,3564,40,1.8307,2943,43.55,565
0xbdb5ed71258f30bac3a478159bf6ccd0d5c0499a,2225,11,1.1802,1227,74.06,490
0xc6828741179ea1d5b6cbb33b3b82b47ce05fa239,3059,51,1.5118,2722,3.17,553
0xa91e5f1774fc485cc9e141ca2ac41fcea169f198,1143,80,1.6192,466,84.51,621
0x6ffde8500dc44833d2070acb58fbfa0710e7c74b,1066,20,1.6426,256,65.0,457
0x10e9452d64ea8d205be47d650c6009332052b5a6,106,28,1.6145,72,87.76,561
0xda67b648090082ca1fa6f0336ecc123a6cf8349c,472,16,1.0717,107,47.66,424
0x571efc999d79497ff249a0e8a3b2e93ea97c8903,748,71,1.4871,360,64.66,593
0xa1ef524152dc07269091f9278912463a7ecc92c6,2885,20,1.0909,2813,75.53,572
0xa57c810c6c60eb42bf17668b3e988ea4aac07888,1854,92,1.5526,1803,96.02,741
0x33a4753c0348352d739154e0ef780ed3cf2152b6,1217,60,1.3072,586,80.39,585
0x8d9a343e29886dfb3d85404144946c365b083057,623,13,1.4026,334,76.64,497
0xe9feb0e50b27c8942a833428ac176e15e41d6cb7,3352,49,1.6921,2732,52.27,589
0x0a47e3ca5675ec17151c45d2131b42d324b4cc9b,2800,55,1.7787,1759,99.86,621
0x31f79e6552d522163673f102ae5e6f67e634963f,2815,65,1.314,24,89.6,534
0x7c3ba175a02ccabd8fd4a0d322f41ac2388b95b0,1422,61,1.6192,507,79.16,570
0x17af1da2515a550ea1d2f1f058fbe0319c5f05e4,500,74,1.4174,250,88.66,625
0x360a572b2f1144ce4d629763422501d1199f077b,1686,78,1.6106,1202,29.49,608
0x975989775101725a06906a8fc122579b8e3aa461,2243,32,1.096,2233,44.36,568
0xa9576ffb4b4f0a27a6a35dc840f7f308e231c2b8,2724,51,1.7512,1587,51.58,558
0x84d046d24f8c212d3a5853f240fb681657313cac,1221,53,1.5321,992,87.41,630
0x69b492c7481f09ac23e737c620951c7bf15e7a11,1811,20,2.0536,1481,16.24,499
0xee71f8b9985e899938d79f51b509510670f7ab21,854,41,1.4507,401,46.9,513
0x17103b61dc77e1958b313696c655685845e17f02,2784,59,1.5171,826,29.86,507
0x2bb66e2c003ef4281603b30c63beacc187b73ed9,1917,97,1.4469,1869,21.07,675
0xd923adc1c3a55c9a6e02350568ed1986af9f08dc,35,41,1.3612,11,14.91,457
0x245660047a8563625b0f1b7b41557b3750522c52,3171,3,2.2697,2973,21.88,491
0x931a6f0ca41e0b05103060d6a139c4edf0fad231,2897,68,1.5154,1958,19.68,572
0x86ca033068a1f748c6ec8dba7f69821c7ef6cafd,272,48,1.6249,268,45.56,605
0x74c507ca263d2901d334e8a17411e88cb2205ebd,3025,47,1.073,1621,4.9,490
0x11573dc5dfa64bc80c8c3b5afb0feb829df508e6,1526,61,1.3158,1454,39.0,617
0xed72fe78e0a02d4873d273963784f4d32ae6c82e,919,99,1.2649,384,83.12,656
0xec0c280076c4eba380ee7c00d58e79c8bf43f74f,1729,81,1.4094,429,68.01,581
0xb01f1f5227484628548792dd55ce9d9c2b54d517,187,97,1.7232,99,1.44,592
0x5296ac1daabe6ff93ef02b447f8458a18f8aa27c,594,63,1.4958,369,73.58,607
0x2c1e5aefd43239dcae9e42e103b1d0d39c7bb04a,462,43,1.3795,267,88.74,575
0x7e900fcfd03b62f31ec72746f9d1c09b55c91946,2243,9,1.2746,987,46.95,443
0xca2a842fcb1a3772e182c1f5d8609c4652e05dde,1211,13,1.2669,305,83.29,459
0x80ed8e02e4e8f6a6530e67a3181e1fffcea0f8f2,748,11,1.7864,504,84.49,525
0xf3d9b15a5a0860a5918608412f30a830ea748c86,1461,94,1.4533,243,42.22,569
0x780b5676edf1b731c50bf24a71db01c70d35b4c6,1209,86,1.678,973,96.35,705
0x9f41498d40445633172938cbabef4c131a91ce34,2819,63,1.4499,657,94.51,569
0x036c3e11cfb29f6b73d8a4407625e4b373b95fa9,1681,11,0.9441,1106,74.07,504
0x7be1a608588a5840045dd3856ff64a0c7a10680e,1921,17,1.2489,1089,55.98,487
0xfdfbe4f9e7e752fc42b9333a9e5ef8de47d8f35e,175,40,1.4659,39,29.18,457
0x2b3b56076361a637912aad9ef2879f2e5968f2b9,1374,2,1.3537,109,71.05,400
0xaa370692022f74809d198fc8f4a9ce803379610f,857,32,1.473,741,0.7,509
0xef482660eb1766d9972942077c563c93e1515969,3170,85,1.1323,2417,95.32,691
0x27ef03c8376183ff18fd064a12a6c7e03d5ad86a,2371,54,1.4445,2224,75.89,639
0xedf7076998f8f40eab1e6a18675617b551bc39a3,2099,79,1.6897,415,73.37,577
0xfe9560090d0fcba92458126545a697e4d4dcd749,799,77,1.3737,78,49.79,532
0x06968b3a57fa9223d95e2bbb69688c4f735c4559,2306,50,1.346,1364,6.37,508
0x3efc8c2857f3be9d372fb077abfe03d2de5bc477,2516,66,1.5817,2286,76.12,660
0xbd37bc63eb2f71ead7a8fa601e4604877a8d33e8,2278,68,1.5148,1852,86.03,659
0x9e537fbe0b90993c2217ddaf1ba293ab8104f079,658,29,1.8016,520,33.11,527
0x6a73eb6145a9f80bf139dafe63a38b8b8db7011c,414,88,1.4503,81,42.97,562
0x93e2567f3b2c86c405111b6b914c3921b53029c2,1218,66,1.366,643,80.88,605
0xff77069ab6c65f1092bbda273999bea73fa6fcc6,472,73,1.7071,59,44.13,525
0x818cf20dfcf3e0e521acbeb1b325316e1af03ac4,1822,90,1.4945,1814,76.85,721
0xb236de8c963086c10b929b1121a45e7e353d705c,3023,77,1.3029,335,6.48,490
0x3adf3139c6f794529675e39603ded977bf6f42bb,3644,28,1.3308,3416,79.75,589
0xdfb163c0084bb4fb503ee094a876a9dc88e81a9a,1541,87,1.4199,389,71.64,597
0x5331f2d519f13a9495d4d1abb52d8f97da27e761,412,49,1.2185,199,89.39,572
0x4beb5756cd256ece5f193ec3beafd7accf388dd5,3489,9,1.112,117,90.14,424
0x0755fce22ded89ba9c5f684cebfd88c68137ef32,2202,54,1.2281,1260,86.29,592
0xd309b25673c241624c193fd4ec9d5c3368105838,2698,62,1.3165,2540,90.15,668
0xb4dc08fdb5851e5bedb12ffb6b53ab1e29ec6fdd,2574,98,1.5384,223,44.74,569
0x78ce58bab3e0c77adbbf141be699de5f754adc60,996,77,1.7528,903,47.8,655
0xd48a35ea9d7202d0474709d85fabca0496f3bc2d,3165,20,1.5437,654,45.13,431
0x591f7fdbd357c56e865167c86a9548b94ba295a8,3210,98,1.3267,3044,70.0,721
0x50f0019b88823c707fa6dbe8094c3b58096b7657,1746,41,1.5524,1043,27.9,515
0x0f4ff74ccaf7a4dde9a38d09a20fc5cf309acfa7,2150,83,1.469,415,1.27,510
0x684fe308de6c74ae2b305dc2969bd1793421f01c,3449,91,1.5202,2142,54.57,644
0x0eed88a6b7b982b331a8893434870506edf39d59,595,97,1.358,416,68.76,681
0x125f41cc115218f06f43c87c2070141b17276ea4,786,81,1.6871,254,84.11,611
0xbae2694ff373adc2f6c727f4b6f42ab34e53d656,2633,95,1.4433,2414,8.91,650
0x6d5c023b1fee7a4ce872daa298eada035433e2c1,1598,11,1.1778,1426,87.45,555
0xe3030edf2a5e3ad21089c1fd9bef52afe83534dd,1306,14,1.8506,1215,52.86,538
0x7f1e183cc16f42d46ebc0e2f3251a2b43e31bcbd,3311,5,1.7479,2032,3.27,422
0x8e07a1268b41d401ee4466327329d25a87e65eca,1305,50,1.5748,273,48.41,495
0x13864f9b27e019a0139b70c798737f2882146ccf,2843,17,1.0358,2186,19.78,479
0x829f3323e95f46459843a7f2dbbdd3f478ec24c1,2801,10,2.6244,727,0.39,385
0x790a795f176378749556a1fe72dfdebd49caa50a,3064,58,1.3221,3032,32.42,610
0xefcbe6baadd0ac9ef3eea6a3388510d882ea7336,3353,79,1.4265,2126,85.6,652
0xd6a5edc6ea07be081deb186a5cdc41129fd73f84,3023,9,0.9748,2933,64.05,537
0x63302dc377a897afb92f83a21a674f4819079755,1212,77,1.6311,661,69.3,621
0xe74170346013484763a48581515ba37d23c029ab,1437,83,1.5149,453,13.13,541
0x62a8a6117ddf151cdca5f99e98f49dcb44c60bbb,2774,58,1.5035,2262,16.73,570
0x29b7fc54a18aa6bd332876b9c8ee14ace387a899,1971,17,1.3354,397,74.33,451
0x3bdac3d996c3b8cc7bffdb9b61446394608dc480,3371,36,1.1523,1186,16.24,452
0x116fecffb8de4e1749899f118215d5b62d3b0633,2742,22,1.3272,1621,3.8,449
0xf7cdd980f24d44652e380ba9087d3b3a546b1cda,2646,88,1.4405,2008,44.16,648
0xa77ad1d3fc661f21a5cbdd64e7a259285971de5b,2740,69,1.6049,1975,3.47,565
0xe605cbb4aa2f5fd46304db4e575b7862781c9aaa,1709,64,1.6258,1493,50.65,625
0x58eaf158d09d410ac0405b95b82f70d832e7b73a,826,9,0.9881,241,50.81,422
0x129b6f0158f22e307cd2d3dabaedc8f6a11b0c67,1734,79,1.8654,429,39.91,553
0xb0ced319b1c79d3eda49d8ef12b4a720b858e856,3614,39,1.2611,3593,96.45,636
0x7f8935dc431978780380eeee9b7867d3220cf5ea,3231,73,1.6467,1158,39.29,555
0x3dc670ea7d05f27bb1ff89133f24a56a8551bc94,2433,14,0.7535,164,63.51,409
0xcb10f7345998b1a8b01f98776ced26834441bdaf,3137,19,1.1776,3111,46.43,544
0x42c00053b17a78523789c32eaa5c765a19ed6517,1374,62,1.4988,692,76.24,590
0xbb02c924b456d1bf4a2d63d7d5c2a810021e3503,1863,11,0.7841,98,80.52,418
0xc69e934e7795466c9d95ed2a87b8e0326db27d5c,3575,22,1.7799,564,15.55,401
0x4efb4af24845be6d2ea9e5435190a8046306837a,2012,72,1.5233,1002,26.4,560
0x170d03751a626b740185a6d6f15bd07a248efa07,721,53,1.8751,531,57.81,593
0x00dbe088bcb1563377c337c7881c8e8315d8dc6f,1894,47,1.4151,117,95.13,512
0xa7fedbdb2109beac3e80ec74a0a32aa4af22b81d,2410,63,1.4386,1958,48.59,610
0xda58c6fb2cc927955734036c2d5f21ce6460ca2d,2066,77,1.3248,1436,0.01,571
0xefc1c070d1d7a06aa092d97a3cd39dbb491a9e9f,2478,21,1.4055,885,26.36,435
0xb55af42444f30bbc4db4fe318a5fec89f7e0ffe2,2902,16,1.4543,2097,30.41,485
0x55a71e5eb9dc250f676a635bb46093478778e1b6,1434,62,1.4914,619,49.93,553
0x6fd8e05c7c960b619a288aa3e06ceff751e63871,2321,50,1.5722,162,21.39,447
0x18aac22d4faa0bdb411f1786ce6960cd11f7b3a0,960,7,1.2521,344,95.97,476
0x4f0ec9bd9157de923ad8bfb84f203b9a4ee880c8,2142,8,1.3183,1580,34.04,473
0xde641cb68d43bfd28cebcc93fa98483a9d66c33b,902,7,2.3515,596,60.24,496
0x7a0a5552a4590358af1c221f53fb0b11cdd90c9e,3017,85,1.6893,734,75.87,599
0xdcff609477d6053c736da5b2f219e0f834ccb532,3206,20,1.5738,3169,79.93,583
0x803452ddb87970f3e5cb3861f5ec1084f03bd20d,1279,71,1.4832,397,13.14,516
0x24892ef0e57b013edf03eb8bb032b1121f631b9a,528,82,1.463,147,15.13,535
0x0674ddd61002a44834f08c5deb89bc82a1073fdc,258,74,1.4338,120,63.4,595
0x6bc353ee31c8fd6803fc3813f4b1d562ea50c772,3226,46,1.2929,2575,6.86,531
0x08e5c012de0d8fa1fbdf4423eb58f8d07cfa7b39,2267,2,1.9889,2097,61.93,524
0xa096966da9229f61d52b027cd01d511501d78df9,955,59,1.279,814,59.99,618
0x88146dbd77dcd7e0d2aa56bd92812d3c5fafc8b8,3381,3,3.3799,832,65.68,442
0x07e052db5a6c5deae2e9ec0b5f6d9abce588502a,3520,78,1.5837,2612,10.83,593
0x5345979266911623a2cb4c5be6cf3c3437e2ce27,2910,15,0.8856,2088,31.95,478
0x4d436ee0622b84f68c014f0e054a55a1ce68e960,202,72,1.3097,33,61.82,543
0x6e7fa2b62cf9b43f362d6b3a2cec90d032e2cde9,3061,19,1.812,2520,24.09,503
0x993947cf8df0a2cd9d85c15fe75f0b07ed87131b,187,71,1.5633,9,60.35,525
0xa4bb4c24acc3051289c5020b22ae80576a6eec9c,3183,85,1.4409,470,81.25,587
0xb2b43572e3c9c2e068d7dbafd341cab80e0b4a70,1695,1,1.9898,165,94.0,430
0x1d098f131683bcde0a2b258222b70fadffd6946f,3386,68,1.6568,3088,93.79,683
0x557952f6704ea0fa9ddba8c44f4990ede7a9f7dd,2888,54,1.4991,2548,19.83,575
0x7bd53551ceb031b31388429a15713f812479a766,1360,68,1.3558,977,32.37,589
0xee2cee5496d60578b3bb412550f73ee22f970c80,1223,97,1.5202,176,9.91,540
0xe727aa53d5aec721b80964bdb66b70d18649fa70,338,26,1.2066,271,2.89,487
0xbbe90a81c364f4397f8e9c73b96dc96d9c6a9d80,2915,19,1.5819,583,15.69,399
0xa819467d4bdac704e0047edb78eaf9b7be458555,3415,76,1.632,274,75.1,555
0x197ffb4210069023d593b9526bb5f24172949450,3267,100,1.3112,3239,26.15,687
0xf8ac206e135af20120e7059aed356c9b52372cff,2031,46,1.2884,1619,73.33,597
0x5e4f1121075a93e7edf6b396d56b4cf192f3f650,1599,19,1.2423,1527,72.21,565
0x13deee7b03f434bd269bc3eee86bf293e77b6e68,2882,22,1.0359,1014,65.5,472
0x7e57b9c301bcbd2ac5d07b8de3de313e9ea272cb,770,56,1.3829,629,31.57,579
0x609f345930ac8b1d9326ea611d071de73a350c67,3631,69,1.254,1706,25.34,546
0xd72fc8440b05d722d32dc40b3d47a687a230abbe,2234,7,1.8886,2006,42.61,510
0x6f038dbbc99b24f691a733c03c607b2fe915547f,3343,59,1.5502,1645,95.87,603
0x0c7f18e0f500b40db2d8e44e2038198ac071daa1,1487,25,1.5672,1291,36.23,532
0x2ee5804a8932770f3d65776d5dc58d443f4a9cdb,3019,93,1.614,382,14.17,535
0x41329db4832a2ac3c73aede7a414f9d1f738b9ff,1930,39,1.6281,639,81.32,525
0xa341892ad072112b77adbfe1453bd6b12ffaff16,1649,33,1.4678,1048,71.21,547
0x4b14da6bf2a4df2e2d6f1f6cd104d448997694b8,1671,50,1.9987,758,42.55,530
0x7d5ffe1c03272850569bef8852604365eff59722,3276,57,1.6028,2258,29.62,563
0xaa6b1e3e25a9fd3b1e255011c4a68916cf375ec2,2622,21,1.3873,1051,40.85,456
0x0f364b53d78636c253425b7eb0b04411c90e239a,1849,79,1.3304,1112,39.79,601
0x97aa847b5555ad93112a2ccb1bf17702b49852b1,2060,49,1.39,150,33.14,455
0x8e07e414f29e0b51027508310d898a7ee7f85e8a,2896,52,1.3916,1136,41.82,518
0xc09596197fcbbca6c77e86aa769b57ff97d5e10e,3033,48,1.2598,2758,46.32,591
0x40727e532d7caa0e1c5df853f516c589a51126f6,2269,15,1.0511,994,42.81,449
0x2c63738740fd3c90f95a207fdd1b6875a35d1377,193,87,1.5184,59,50.92,585
0x9bfdcc28a23c73ac9a5121f1eca9a0488f5a66ef,2501,74,1.4143,1434,81.03,629
0xeed1abc75f54c03afc5317c23568477c8ddb399e,515,51,1.4695,76,30.06,468
0x8241bbde9be9bcf6d4a52e98a7058e307b7ae1bf,2156,17,1.1356,2019,13.22,499
0x0fe12d01016e97f9c605397e7950ab69bf0e4e72,153,39,1.5224,29,52.57,474
0xe2cf62464a4596a8b46cd62f3f6a648b226f451e,3214,49,1.5513,2398,77.7,603
0x2ab9c7ebfdfda866847add95e35d92254123fb6a,1647,52,1.5836,1341,23.46,565
0xc4649b41c35241e6c818420cb378ce5e2c833fd7,1220,16,2.0719,27,13.13,369
0x8d3050998e93ca3cb758b657b601d3ba3ae06dda,1013,79,1.7268,298,0.72,520
0xfafc1e4bef13f0256d38575763cf08ba2b810240,3472,72,1.3795,1654,76.91,606
0x8e9afd1b9edcdf50d5801ab58d1b3dd50cf8202b,2249,60,1.1812,2006,94.85,660
0x8878d734136cd909426e3ef02581ec7d2518c0d9,1998,42,1.4783,598,21.41,465
0x85e904dadb49b10fce39c63d689891feb7b5d283,3165,7,1.2871,81,15.21,345
0x843e34be463f35cbcf98df9c3cd284cb7498bc0b,300,51,1.2047,144,76.83,562
0x04cea0b6af5cb9f950b49360d2ff26a9e96b8ba9,2629,49,1.1614,2602,90.37,648
0x1dddbefc655b45628e4442d983b6740e7dd5c72b,3344,30,1.4749,2603,45.04,536
0xbcd92bfc72e95b6dcceba93e956340bc47c9d3ab,2505,99,1.5198,970,57.56,628
0x3256d91a4d7a959f7c5147c94d5a715baf0ab212,3256,70,1.6026,1337,37.64,555
0xdd709075f9dee0ba40081ffd60b028c03fef947c,765,67,1.5152,595,56.46,622
0x390cec772faa31acac44db362b336bbd71175934,2142,98,1.5043,1537,81.68,700
0xa830ac217f294c4723707ca50fe30d27a2834026,1859,85,1.4645,461,24.03,545
0x44383e45e90c17b6bf4ecee4d38638b118fcfc1c,36,94,1.592,24,25.34,629
0x82dd8e5ffcf8124b580f1f44d5112aa83ed036fa,2069,3,1.1947,1311,82.1,495
0xe7afea2694b131f80ef7eeae6362916981905608,2440,11,0.7943,1052,80.36,474
0xdd21c47b2bf5b7b8a99cece6d39f9a13782b4821,2799,64,1.4128,775,20.28,503
0xba8d7d4ae3ac4d5e8b4c0702ce7bb893e9cef292,1478,45,1.5774,1209,70.26,598
0x74e2c35234baacf50be99ec0784702ba8aa4dac9,2794,82,1.555,427,57.39,559
0xa3a2fb9a9370c0eddc0496828bf9f5eb7a519a90,1717,86,1.5983,1442,75.92,689
0x532b690cbca65e86e5888427842adea6778ef5fe,1839,32,1.6494,160,90.63,484
0x6d32648985adb09a50e669b1c83d43a00a270757,2073,95,1.19,791,32.56,591
0xfaad67f1a58253831f91ba614f786707293ac0d0,1311,7,1.815,201,58.73,413
0x9e7ba148dfe4eeb73040142d70e7501921be6d5b,651,56,1.4824,360,50.99,560
0x06dca5d66607e23259339c971f92359e99c2f266,183,17,1.1386,177,9.87,500
0xa330309171ab02c539f5837c60708d47bae1a152,3436,52,1.4094,529,73.02,514
0xe8c9b0165b39ba9069ce17fa6cbd133a52d281dc,3477,31,0.9867,3072,0.14,504
0xe60d5e7436e41dd172e3d45c10f8a154ac30e85d,3161,66,1.2764,153,73.84,525
0x874fe6f41a570c1f26dd337562c63261e8466511,1447,74,1.4278,1420,17.31,626
0xc1b2a54fe987b35444a95ba72023cf0ebdab1822,533,31,1.4538,156,92.7,513
0x4c05127cee0d9c3ffe71006d6e979bd0600ac038,804,51,1.5241,350,49.56,532
0x6079ff67dbcf8555ccd237936a91f32899ca425f,524,62,1.4979,275,13.36,531
0x8f21fc7340a6d421536e99813450fa33957d3bba,500,27,1.4012,481,0.48,512
0x55d7b4546ce79aa8c3efa178b49d4727d895eb43,1922,53,1.2984,1189,45.47,557
0x4e898815c78057f965674bbe4c2d4bd9a5c93dbb,2353,82,1.3554,915,68.09,603
0xa75c2825a2c1007f986146ef163143f34601d2ee,1404,78,1.4521,75,85.57,564
0xa4661bd654d0e530838217bafef5a01abd694e69,1338,27,1.2741,33,89.41,459
0xf0a359a1a56d21ca5c739ceecfaf719536bb4bb4,75,63,1.4934,4,67.22,516
0xd253672e7d8defef719f5e83cd2070920a67cbbc,1513,6,0.9206,555,7.89,384
0xff53fcca9b6dfa422a7b5ef706495a9d269b3154,839,44,1.6317,187,30.96,468
0xd2d8f916f79b3918fe3bafdeae16b080b3bc2ef0,1558,39,1.704,287,50.0,472
0xeb72d1ef58d3035422a262b4bf86e2aaf40999f2,3018,93,1.6696,961,28.09,578
0x0d0c9dc4def61c69d42f51b5230a6691b4ec2905,2646,84,1.4348,693,50.26,571
0xd85bb698da3cdd42f14902af01e1114e40ee5bf7,666,99,1.3003,540,71.92,704
0x1905ca78e879aff91d5fac75510f6851ab99ec6e,1365,31,1.2231,57,90.47,470
0xfc8ad9b4ab6b91e070e1216babf52f35652f1f81,3307,55,1.6772,3016,36.65,600
0xc20b58075657bd59d93b7907e6a225a274a30fab,1924,86,1.3721,1078,19.53,589
0x7787b4775106e14c88c63bb2d1fc6172a871b219,2965,61,1.2977,300,95.59,545
0xb2c5351f74b9858e5ba6a48120c86f491975dcf8,2402,85,1.5158,1115,74.17,628
0x6a3b66e123e3ff0bb1ce55f44309c94b564f741a,3519,38,1.6144,1330,94.16,542
0x4d5df0fb05d6fc6dddc14a8f386212d46a477163,3390,33,1.5214,1904,97.69,563
0xfda6e975ea6a4bacd10ae6b9b0f4245de69f8ba3,1542,2,4.6994,159,10.26,376
0x44ee19d9eaa52fca4ba16a541173e28fb2570202,2115,19,1.7797,899,81.62,501
0x9598f3ce57c540ed1273340d2acc0b4e39daaee5,1348,32,0.7758,1156,81.43,581
0x4fe2fe2603d7ca2c2499eff507fdb9bfe5873861,1492,96,1.5642,27,27.08,537
0x8e3e05d3f6830151fddd9796ac7a348cc73bad2a,2948,34,1.6029,1142,63.53,505
0xe6cea02b8df418d6b8c80ed96aab5588ebd86fdd,1921,6,1.1756,820,41.28,429
0x6a184f1a26d41084dc12eb828b4e2f00eb3f4615,276,98,1.5879,58,43.08,586
0x5055d156745726b0f56699357d8bf3cec9ad2854,937,11,1.563,841,72.88,545
0x7bcb5fbf29e92ed55d8cecf342571231de666a3a,391,18,1.6849,136,27.18,432
0x90f3833296be60296108d19dca40e2a85a4cf30b,2738,16,3.4711,780,93.03,502
0xe79a2229aa0bdddbf61e1c93a2abfe6525a012f2,2817,27,1.0967,1308,24.04,458
0x5ff92cc0e2b4142047d95b930092e2afe1e35aad,397,29,1.6177,95,26.92,436
0x51dfe92738a53c0f2422f52e949c9813101a72ad,1842,8,1.0347,526,71.06,440
0x33d33a4012ec561392b6978dfbc354a8262b9f38,2035,36,1.3854,1355,26.98,512
0x81f71b7428edb5ed052ea37910459e08fa70c5e4,3194,22,1.6057,1823,43.05,488
0xa92780ee4d0a2d5dc014148c9f44190cf1d2185c,3518,44,1.363,628,94.23,522
0x0963e8009462f78843822b69c9ed6bdd20cf1a7d,2139,27,1.3679,1472,30.51,501
0x0fa0381f81d165da33018145a04c2516295bed40,1525,35,1.5726,386,22.31,446
0x76d68b724a7130a1edefeace7b628ea6d8743c65,2330,61,1.5582,576,14.06,488
0x9609abb36c22f6484b53facf8e788ab7e6a0a935,1060,61,1.4764,58,83.48,528
0x345bd3a2689e95df45b89531fd3c7e1203dcf17b,63,16,1.1952,35,51.81,479
0x966243f589795002234a9bd6002f23f62db02321,467,20,1.5946,82,70.19,452
0xd4fdf258956c866bf4cad808379a7c51c3edce49,728,94,1.393,263,43.69,599
0x88ab8a9e929e710386942369567bea6bc1c93540,677,7,1.9178,620,29.23,499
0xecb137672ad83e424f3022bfa0818bda435604f9,3275,16,1.2463,2168,36.81,480
0xe8d07f9148ab88fc150adb329e87427480e8da7e,2608,6,1.6153,1439,84.24,495
0x46e89ca6fba5361a5d9a0e01ebc41ad008c57858,3397,34,1.5609,2340,90.85,577
0xe2cf54f2ec744feb7a6d0b44212038206855cbbc,3532,82,1.6736,2122,41.52,612
0x88c19c258bb4f9c48e22b36ca25bf2d72b1b37d7,1096,53,1.1229,864,38.76,574
0xbfe601c3c64a73f1af7825c8dbbf1a975b91f39f,2856,69,1.6428,1162,81.95,597
0x3426420b2fda44f12c845cd82cb671223fa2a22d,1309,93,1.4856,958,61.51,672
0xb246b19573ab5ec11499c3de721c7470e3b5d733,3095,6,1.2635,1099,9.9,387
0xd9b4643c04aec712dd62a33557a43e9296feb7ac,2299,60,1.2473,1201,35.52,546
0x659f7c3b67eb1c9e5e1c86abb63f18ab9b6265b5,1551,83,1.724,789,20.12,579
0xe5eef92121165ac9f124f6370cdb071509ad304b,3076,64,1.3113,1122,2.95,498
0x847206b380b2e64f48233a98ed3962131414e7fd,2767,90,1.6279,746,41.18,577
0xd8b13c349775e4fcf1171fda29a040ee92f3a056,2880,68,1.4479,2452,78.26,656
0x0513fa3836dd75d1b6084d123f410fdb43f4e199,3114,47,1.4209,1522,47.09,528
0x61410680b20bbd03b76d2508075be788718bf035,2473,50,1.7461,2406,90.75,654
0x4f2b388469a1d876d57b1b2be90d13ddffa88678,586,57,1.463,49,86.05,527
0x59f0251a7305bf9bf34fbb29d2d0feb378c0ce56,1927,18,1.5639,883,74.74,495
0xdc05d829337a1a114ebf2db7c959647001e723cf,2364,66,1.7119,249,5.63,470
0x02da4a1fe8121546da61c1e7c6a6700e24e024f8,574,15,1.23,151,64.15,445
0xb9b92b1b56563b0efebb17a1c6fd8c1488e28538,1423,43,1.2012,1176,34.44,556
0x5ba2cb388793a7b26494f81312c5a6c42e7cc2f1,1315,62,1.735,1004,57.89,613
0x56d8bb4fa4022011325b3f6b56b99a36b87387dd,1310,8,1.6156,660,30.2,437
0x0d5b0ce5140943025b8a8bc17d57679a73cc3402,3481,93,1.8081,2231,55.99,656
0x959b83cad46d9ad6e5e680a381acf77e5dccfd85,982,39,1.2766,419,9.73,464
0xb778483d84526661bf804a3e23139f0dbc223ab3,3280,41,1.2232,1980,67.43,552
0x3eb88addee0a4d2d4aa193b9e11f66f100e199c2,2307,49,1.7173,198,61.07,489
0x132147f5ae5f3726e7f6ef0d7e4e0cbc7ce2a5f9,544,28,1.5822,39,53.76,436
0x35f5577ebb3cd0c7607fccc723a220704854243b,1600,1,0.2085,557,94.53,450
0x46d8cbe1423b1ea44190562b793ecd81c2f255b8,3284,95,1.5816,3156,45.18,695
0x761748ef2451a18f938890111a819a5b2cba0e4a,1298,11,1.3451,473,10.73,400
0xb7f4741920ad5306a071cdb8512135cfcc5a90a9,2339,65,1.5879,2231,88.66,677
0x6dd35f0d7a6359b7226151249ad88392a3372e49,2078,65,1.8101,1078,60.51,586
0x2272e76dc2d8a1014cce86c22f1c0a582f453920,1250,25,1.6913,5,86.11,453
0x74d77381e940818cd341c7b89a1a55bd68880477,2184,44,1.325,2089,70.77,615
0x65f33c9d77e63acc8eec92601f1fc8b524012f9b,1259,66,1.5724,810,8.7,552
0xb67c0bb662d8065bb7f6be01f3a7e80a3d1d8024,1708,25,1.5778,68,45.56,417
0xdc1c9b270d1487a73bc184cf7ec9f46972b10b2d,2999,10,1.8322,332,91.52,446
0xa4af8a754c62f5faab6f05a293537b264049939a,1144,7,2.0082,708,67.67,494
0x9025ba8dc721eb22da0b286707fada049b8d61f6,1913,8,1.2077,364,12.11,368
0x574d8daffc1f3c3a0ba9a60df31dc2344ee47c80,3230,56,1.4457,978,60.33,532
0xda0d13ae819d72e8b2cc2d72530f07f9180034b8,802,81,1.5537,455,27.75,590
0x3462611392bd72c8727d21d27e830df4c2c6fef3,1946,19,2.2203,1635,24.12,510
0xd74b5dfe035b1ea970d659419a6b2429c1c67341,431,49,1.4538,378,92.58,636
0x2bcb318480d379c088a6add4cb7ebc9b6bd4bb35,1179,31,1.3787,563,51.49,498
0xd72da06ed46e762c5f4b2e956cc6576453210ad0,187,13,1.731,143,52.52,510
0x583b517773cec3e6dde5cb469eafeddad7a56247,1550,5,1.5996,239,40.28,389
0xe78865972030a8122761c9d1883d638239e26ec5,657,71,1.5972,74,24.65,499
0xbadaa79837c52f71a8aaaf4287df9a690681bc73,2977,27,1.4502,2722,5.11,510
0xaae80d47f16fcab7c05a9027532545dc009c2e40,1330,7,1.4936,1209,34.93,500
0xd04a46071597b50a7d3ff3867e932668ee78cba6,2917,84,1.5096,2831,51.2,679
0x61604bb39bea8d9d7571a4c8c90875b0bb686cae,297,13,1.0544,201,9.48,447
0x9a79f3aa92daaf69f53960ad8f698a75ee04b74e,3587,5,1.7415,1647,54.8,451
0xcfdb22afde5d456584a44ed973602afeba92137a,2828,69,1.5713,2030,72.95,634
0x6c83ffd65b18f66d2db2bdf66d3abe3250a118c1,2712,35,1.9628,1320,11.46,474
0x28f64246b3ad0fc45e92ebaedc6e195cd1c904a0,273,40,2.1984,269,38.16,587
0x3cfaa19b00f3feb24750b056eb0b6eaf74b311a3,2925,47,1.459,1406,19.47,500
0xd679507626f341eca60a980204ae1b09f9b3e127,2990,67,1.369,1107,68.88,572
0x2c3699c2e79e28e4cfbd1bcbd63288bfd254b33b,859,15,2.0519,256,48.1,443
0xc148f3010c90b8ac4680671499c15f22437024ab,145,34,1.2026,117,61.73,562
0x45480ccdfe2ea89709d5eecf0fd79d9af6c5c63b,2954,47,1.5914,1865,85.69,590
0x6459f72c1f80d2e4ecca4e58ad75394a6b50f64a,395,4,1.7018,158,70.41,455
0xa6b5898b6345b2143065f9f1ab59f8954afaeba4,2887,25,1.2364,1764,64.97,518
0x386039f037221ec318281e54e9ec3c3f17333006,2197,23,0.8888,1056,70.05,497
0x7fee4dd11d257831f6b006d40de3d6edd10cdab9,2770,64,1.6136,2116,68.2,626
0x176c4fa691b2f04fe061cf3efb215f747cd5f93e,3337,56,1.4608,2911,14.01,571
0x9c3dc34903595d9febf8e679fa915e9193438675,462,26,1.1323,255,38.47,484
0x4af65a735c002420d51e7ee3470d0c38e985e4b1,2068,6,1.3041,193,55.1,394
0x315b9d57b11b926cc704db2ca448c016005da014,320,34,1.7899,122,41.7,484
0xc49709a37010dba55f34b1e53657ce0d90e2956b,111,51,1.1334,81,49.39,572
0x2f91ffe787147582af103573636debd8fcce466e,1166,96,1.3189,792,63.23,670
0xdf881ab29877084c2007f324549192dcbab87174,608,39,1.1283,540,16.77,539
0xf2c60af6f3509ffba9c94bf6d4d4fd1342e7a8d3,1820,68,1.4646,1435,13.48,582
0x7b7f30673c7777d2063e2c9fd02dfb42a8e760d9,60,34,1.6233,41,15.04,501
0xda4a7f217a75180862d354741b4c35db47fe57fe,754,46,1.6174,665,52.65,593
0xd52ec4f07769b5f381ea1271bf4fc4c0b52f7a91,1947,89,1.1698,433,49.97,573
0x2267ea41e1db6dfd60ec337c8e52175c5e0ff2a7,2563,4,4.2003,626,96.71,483
0xd143cfe7cf69dbc2062f1bad860718b044faa723,3188,28,1.8698,1401,62.4,503
0x9e095aa49da2c4d3b9b931fe36a6e97ae6ec41dc,2520,28,1.774,717,93.84,510
0xbac8e95aeb37bb89ae9e9194b75cea90cfe636d2,612,26,0.9946,358,68.39,518
0xdbb30dd43fdcb20c5bc4808e4327dd8cce42ecd5,414,39,1.3577,243,35.05,514
0xec1c58476c644099223fb375bf430126137e830a,3164,68,1.3862,1456,93.71,612
0x5d09e759dc27130db90ae340520d4a8b636074e0,845,19,1.9725,203,12.59,406
0x271d01b0575e7a53676493785cffcc2b058c78b9,921,95,1.5348,686,16.55,633
0xee500fb665b87be01e3d100bf250fa084c69a253,1439,51,1.4764,1387,58.59,619
0x86aee0d2f048dc0eeb36340bbb6f8c66f69a3bdf,1258,55,1.6511,148,49.89,494
0xca7e972239acec78f23d7937f8816409ced26c5b,2859,100,1.711,2608,37.95,691
0xc97988818ac67863c9958b67a330321b828ad02d,2605,69,1.2054,366,99.91,571
0x4de06424e7c6254a847b2e71247a549815665565,2451,61,1.4465,1467,35.96,562
0x5c0dfcedd62c84a9cb3df50243933fdbbed01f7b,3023,36,1.362,335,83.47,485
0x79df265da532c7703ac63184554aa1fab2286da0,3217,55,1.4098,415,10.77,454
0x216f75ac7662797d5506357129d37c5e8a927aff,3588,60,1.5949,109,28.31,468
0xd1544d0c688e26c6fc8a4e60f171d82b5ecd58e6,1658,47,1.532,1009,97.37,597
0x5968629dddeaa1cc20696a5fd91d8a35e336b23c,3066,49,1.6076,1657,49.85,544
0x474b13df75018b8238b0ab70c45d5bce2e04c4bf,1095,56,1.5763,361,55.12,532
0x449a25c77305f3ad9952dc76bd75f8c8e34c7bda,1676,19,1.4161,864,82.26,511
0x82d7bc39957a0aeb5831e192b19ca8e189195730,1317,85,1.3401,983,35.11,630
0x77457aef8f23e9a075d0f5ff3e9b24b75dbac60e,1910,98,1.6079,301,32.23,567
0xfbbacd8757628853de552180b868a7c57091cff3,179,63,1.2563,49,98.87,578
0xd60dbf59376b55393037cbd56e3fe1879e0e2c27,2131,28,1.6346,1858,23.49,526
0xe3bfc6b553a094859c56b8a696bcdf39bab4bfc4,641,1,2.0683,554,21.3,473
0x26cbc1becc692ff0a24438c10f4316a88fc6985c,2867,96,1.2512,1168,93.91,659
0x3d6ccc8229acaa742fc016615ca7e2106de3be12,261,21,1.7719,235,24.09,518
0xef302213c395dfa7185a383a3b1684b9d7c08618,3247,42,1.52,1995,76.85,568
0x5a7b258d409778867fa84e3cb57be88022111684,994,92,1.3295,484,27.09,597
0xbff34e254f5c7929c4b863b7f5f228b6e543bbf1,2113,94,1.4319,845,15.31,577
0xc3efabc9fee3fef40a10cd7a40c59332e06a2b1c,3106,86,1.5604,2997,72.97,705
0xe16a37c9b3e286e6d110b02aa2f2006a1dceee76,2784,32,1.3958,16,71.83,450
0xb1c969953a6695b99d64479367ab1fc5159a39dc,1540,16,1.2751,1311,26.32,498
0xb0ea0ed0a8faa9904a38f470d3c874c1b07cfbd1,2572,23,1.6823,1303,98.25,537
0x1cb3d964f3d99feb36b723c17292658d43bb3811,368,23,1.2737,23,43.08,411
0xfb41399c7bc909deced33164153792e07f6baf67,281,91,1.3852,170,15.63,602
0xb9f22385f5294de64a5efae3324795a9c49f477b,2844,9,1.8677,1935,21.81,460
0xf416a67e787f49bf883623309503f2ec605b7f70,1346,45,1.5238,433,77.98,531
0xfbfcd7538a65bb8b78241f4ba1a54dbe2cab8b1a,458,66,1.4884,140,60.83,553
0xe818e352250599cca8f3c3dc0767ce9dd64d5822,1952,13,0.9523,1270,21.38,454
0xc666f5fb38df65f0a4c87cc9ae0c79fbfc311a32,1135,44,1.9099,312,57.66,505
0xe06668c39756b9c84de68cdf0fbbf274dc0e2641,1328,14,1.5418,484,27.47,425
0x854fdd523491015ddbe85d99214e3d3e0d4e0c86,883,93,1.5548,77,34.85,549
0x8864606629670ab15caa48fa0d075be956fc9e71,1686,61,1.5567,1057,1.78,533
0x5514d5c2cf2870914eaa2311f986eac9f982be2b,1582,85,1.4574,109,51.41,546
0xa598cc6b1322e79e4b2a8b7704f73f0505256e5c,473,6,1.7354,154,87.1,465
0x1a8a98e2e4312e37e880b341d88214e9fe1b80ac,962,41,1.3798,539,19.66,499
0x75ce421d643214ae01962075fed61c3043838e49,2911,3,1.4273,1478,44.7,441
0xd15769ce6da291968f3e4bcf611e8303e2f130be,412,38,1.0927,253,42.04,521
0xfe91cb700bf5f5535a2569ce8d71bb1ec51d6743,70,27,1.7441,36,39.86,488
0x1210e792691cc08ec8bce9be3fd2b127b6cd3f4e,251,59,1.3497,23,3.5,448
0x8ee126a73c5ffbf0b1e3ce4abcdc18cebe777bc7,950,24,1.2794,839,12.89,506
0x1f4a0ddbc7089857c4f1755cc93e714cb2e17b69,2162,68,1.3766,1597,8.88,569
0x56e4e02e4e0600c9e76b96231c459817806600ca,72,61,1.7572,46,43.07,578
0x57d9299c24261c9c3224b03adae21e083a5f7e85,3466,49,1.9219,3035,35.6,584
0x2defe57943f20a3b61b1579675c16c7df2817a04,265,42,1.4348,107,3.47,462
0xceb4572c580e8c8e4947d7f924b892603e19d793,3035,94,1.6061,467,38.55,565
0xe40645baacca9e79912c93e1b89740cbc9616afb,2426,65,1.2372,1842,14.71,570
0xd2c3f96914afaf18261490fae3c1872396d2f507,271,68,1.4659,91,55.46,556
0xc4f63cb85d2ebcdc71a588d7dc594a62b6dddd88,2158,98,1.5751,1684,78.5,707
0x586b4f25c38964f83bd2702a9eed4c0b2db60455,3213,70,1.3206,804,54.54,545
0xd9b4705def6b829362e5a81cabc8a67397fbb2ca,207,55,1.8119,138,69.36,597
0xdaf1df7cf9a038d885fe6c8797043abaeebcbf6e,646,32,1.3325,348,44.39,502
0x938f0e5256c9c4a92c380b54f83e6210e9a9302b,2914,2,2.301,2839,43.7,516
0xa27fb9602fa8f9a3965b69af135803c8ee6f97db,2172,99,1.7782,448,60.9,607
0x465ba2408e4a6edfb331d75d11ea014e51879662,1226,21,1.1609,928,33.91,501
0x6e67ac8397f63d11bee296793be83f17fd11f77d,2000,14,1.3274,1464,73.93,525
0x166f47f28f542dd6ce72b16dc3f55d3e7871bed4,3247,88,1.3466,3050,58.05,688
0x27adda27b4508f0b37e12488647dcc21043727d3,2358,63,1.4325,1940,65.39,629
0x231e4e697a8b165b4d6b441f069dc9db2af56671,416,92,1.2233,281,35.67,633
0xf9dbf5baf76a34665a12ce11ce34abe8fb9e3019,3150,68,1.3742,1406,36.06,552
0x3a8082bf3123eee96c633e297e61b813e3b04c68,2183,51,1.5472,2156,2.21,567
0xe21837282d39f5e56181ad9e6436ba67a1128f4b,1756,91,1.2236,1065,36.87,622
0x5258cf7c8bde64759f33ec4193d24693f833067f,329,39,1.2259,39,59.82,467
0x7b0a8556746c5c602bcd3430642425f214b3da06,3363,83,1.1864,1379,67.39,606
0xab3528b8541fc6d9138a9998bb228ac39a31fa4d,906,46,1.5204,255,57.73,507
0xcf486d21b7fa26327e2ef1eb88563a38618442bf,1621,19,1.6548,1591,91.88,593
0xe4cbf9c0d8ec4aef4f2836a418447df77ede314a,848,91,1.4435,413,39.97,609
0x2fa3da0c1bc7db3a4630f0994e3819961554a496,3213,65,1.2835,665,78.66,552
0xa9e158e849e1f329229ff363b0ebaba649071bca,1967,63,1.5057,1662,88.75,656
0xe65f879306ee3c52dafb0d059491d7e09e6113cf,3339,100,1.2849,3247,12.1,670
0xe08ee30b118b3eac911a0bebaa1ff1d7b149b7e4,576,63,1.4726,479,3.41,568
0x08bb575f5763c01fa47356b30d1e1c0474dc513a,2986,2,0.1102,1621,69.66,456
0x45bed53de5e5fca29861cfe8a369654461d56cf6,2837,60,1.5153,1532,84.28,600
0xf5817aef17408c09924c27d05bd0498d26eaf965,231,83,1.7296,148,51.29,630
0xfb4ed3523b63de9864ae26742f6c1fc69f246b80,2391,93,1.6066,2390,96.61,748
0x0cb381ae59b1fff7ec5c3587d324e18a121db2a6,2729,27,0.8592,1633,89.47,541
0x93c28b7cf7790df3d232d4aec04436dfecffa809,1042,38,1.2946,90,3.03,404
0x4b7040212953f88e43b8ea40a9458a2e69e4c9f6,2110,51,1.2974,1141,94.86,590
0x879bdee207633e165796491cff0b91477ba72af0,1383,70,1.8433,1114,18.4,597
0x69914e9d54b842fdc4b7974d61efedc7c57c4585,3125,78,1.7544,244,51.79,537
0xafaa01b22d9c15e2fc4d2d7c7d32bb59736f4386,686,12,1.8522,619,77.07,554
0xbd58705c82f4d415bcc1f335f2ecd9d2086fb25a,2781,32,1.4153,1692,6.58,475
0x3ac268b05c6820e144f5a29d4b6bcd5be8ef85c2,3021,77,1.7728,1161,0.84,530
0xa00b6b347b8bdac95415cc8cb138de93f29b3235,1815,32,1.4732,646,70.08,502
0x81568a094f86ab3bd28f42f6c1e037178ae652d6,1540,56,1.418,505,32.33,507
0x06119f6db05617beaad8f64489a4082d27ca6f3c,686,29,1.7717,49,31.13,417
0x219ad36292f6f3691a394651da1db59a6143af48,2950,16,1.6619,778,36.87,425
0x8f3caf22a4c44350f91ff976ffc988c2dfbc61cb,2286,9,1.7362,2135,87.48,562
0x6692c590ae3af33da193cb3564156c677820cba6,3524,7,0.6611,35,42.22,364
0x5cda9d1a8be23d1fa5453aa036721584b80b64bf,3056,70,1.652,2610,46.97,631
0x1d1c3809ed6e68ee63d5acb182f4a1d8bd625dfd,1174,33,1.6233,58,99.31,488
0xecc32715a04c1d05298e4ec769ef56139148516a,2795,57,1.6981,1917,32.83,566
0x8ac5f8ae7c91b66522c36c93d8d7f45729980358,1342,55,1.5326,423,36.74,509
0x309701c9f0592aad005c59ea4735373a4af39113,1277,1,2.1447,1055,3.26,450
0xe4f070055ad973a029672997fd8b9790abae99ed,2164,49,1.4889,933,76.5,554
0xbaa3c157794d5150269f0f46c954c960db1b4553,815,69,1.649,122,38.84,515
0xf05b739cc325b7df7b0711fb71acc6d03cc4a8f5,1876,80,1.3227,348,45.47,546
0x2f580ec168a358f69c16a0d599aecef8db170e20,1288,91,1.7656,581,16.99,584
0xb44fe00474d13ec5031c7053c23a44b83fc3b278,1739,64,1.6879,1275,86.88,641
0x8710444af2d76323e15c4beea44ac14a80a74016,2511,85,1.4426,1430,95.84,665
0xb950815c978855b05028448fcd91823f4076e32b,539,11,0.8186,245,47.54,445
0xd66f9d1fc89abff00489dfa102b2ac653ac20ef8,785,18,1.3394,488,86.83,529
0xe83494f18cbceacbb6629399f8c072d9a99b80f9,2916,76,1.4917,355,55.88,541
0x612104cc3458e06b820edbcfcfa0fcbf0ca9aaf5,2379,82,1.5071,831,59.45,590
0xc14432f2a00a74abbf09e5e753741e2e29f0e756,2701,90,1.6422,26,41.03,538
0x159ffc89c14cb0cec9d6ee68b1bf7dd035196693,3611,30,1.8099,179,61.35,446
0xd00659161375ecc4ff454f2fd53fd31bbdc7cd7c,1079,95,1.4328,1032,93.4,741
0xdcf5fb4a701dc4af5bce5fcb2998ee1969ea5cd5,1654,71,1.6517,583,84.14,595
0x388562d2324318677d69ae8fb3365fb1730e70fe,2961,79,1.7434,450,21.46,519
0xc0dc146ea18b7d983a9b89ff8174104eba4db8f6,2520,7,1.4526,1130,24.51,420
0x16bfb8ba4a628b41e575c947442cf182d4d8a5a7,434,60,1.3412,252,89.3,609
0xc7549ce249665858ebf6d59909ab7fd21e77c199,2717,59,1.3133,1519,26.82,541
0x25325853d05fe93a6ff246f3815bb2c783cbdf52,1462,36,1.3992,328,0.07,419
0xb157f2793f9bc1e51d68eda7d1ced568e85f1d98,1898,66,1.854,1850,79.46,676
0xa0a460e6103f79e5ad680430d524966f8ec31d37,1395,51,1.9752,253,18.54,467
0x0ed07e2716b46fe3ed7ba8c49f99b626d6cef340,1764,15,1.5968,1538,74.29,551
0x65c859b2f82977ee18849ed7cc091eb033525b9c,3291,94,1.3654,3142,28.94,673
0xc7f602a8e2571a82b0dffa026d57f0916238490e,2878,20,1.803,1233,53.7,475
0x924b9c2ed61b3e2aba701ee65bf786f47bfea23d,1403,67,1.0925,313,49.63,528
0x620c2ccdad87cf1facbb9ed353d2c9d81e8b8726,71,79,1.3484,17,35.31,542
0xf2a67a4cd2f7f029f6e71351b35eaf5e90fc55d4,414,41,0.9808,410,46.4,586
0x8d8c802ea03e2c64ea86fdf3f85f2c3856bab466,507,79,1.4535,10,62.87,538
0x0d4b0234960ce3c7791d578da914653cecd0c869,2811,62,1.4029,827,44.93,527
0x8e9f0fefd7759a8f516c8a85970673cc0e7caf38,2283,49,1.2891,570,72.93,521
0xa9a4ef05672367c70e96a5cf269034c6f8e5ae63,2720,9,1.734,992,87.8,477
0x7d300a14aedcffd7d8d60e7bc536bd8e8c1e6939,114,56,1.2314,2,47.49,474
0x686cba65d0c4f952f3cc44d8eedcdc838c9df7f4,3544,12,2.0007,2070,83.83,515
0x2f20ce9225652ce34db15aff171ef70aabc39f21,3506,76,1.4575,3315,81.48,689
0xbd8276ca2f97da209ac792452494e558670769b8,1029,45,1.7923,608,98.41,594
0x69ea55149073dfb53d0eefdab4ac54e57f9c46ab,2081,42,1.561,999,39.11,510
0xa6d62b702bcae81b18c4bf0bc5a2893db673f85a,1373,38,1.7089,625,19.52,480
0x1cfc98ed11b4d76846e09f28400817a3d5914d97,778,68,1.7406,388,24.99,553
0x97b964dde90d27441bcc605957a2e3085dd32f37,804,3,1.2726,220,76.33,436
0x22d748e49c0baf4b05c3272f9df4fd1b40e11153,872,81,1.5167,600,22.75,603
0x579ecd6ad9e671be6efe17cb3b9d33cb7c73bd31,181,25,1.6874,8,28.57,402
0x2ae063c721e3f22ee28e175f3b80dc51574231af,1549,8,1.4999,257,0.31,356
0x247015df218f6530abc3d6ae686b641fb2c7f551,3260,50,1.5602,3080,14.53,571
0x982d4e07dd4cbb757f4321d274d2ce098d4639d3,125,66,1.6197,63,51.98,575
0xace22be87f078f536ed4bae5f4ee8fdf91b33a97,1628,95,1.43,136,68.53,585
0x9f63908dd8367c7b9beacd8aeb41f703b04c7f42,3253,63,1.5201,527,61.02,526
0xe4eeb8688ba39e768a8d27895c28c058cf611268,982,42,1.7105,512,32.88,512
0xd4ade582a2f1cf90d9c2ad65b94e0ab3bd4f2e5b,2385,72,1.2589,403,31.52,513
0x7687700b598ad56c46e9ad62cf9c7bf4e5d6e7ae,1297,29,1.6166,1294,45.74,569
0x7fa68dfec20ddc7336ba550a716cab6f50c1b69e,620,33,1.3566,563,59.7,575
0x9c46ad7eba57120a6e8d91fac5065a181b3f917e,3435,61,1.1523,2177,14.83,543
0xbc465f49f2aeb70e8449987c3e549ee18a22a772,1881,94,1.4526,1165,3.84,599
0x88b93bd390d1d7cf81637cae82ece20427eb28da,878,45,1.5307,499,98.48,589
0x704b489aa09a69dd02d6560f08aba49dd2b19806,2621,15,1.6089,416,52.93,422
0xe303efb51aac8e49a64a027b00a2b48be1b8cc67,2159,39,1.6189,36,22.39,419
0xd68fd236ea6f2ee229959029c752dae12b0c8887,1673,82,1.3881,1138,82.99,662
0xfa11dc317067eb4bf62aa8208db1589e43bd00c0,833,52,1.7989,510,12.55,526
0x170aa5348cfc153318604893b1e8d64d3202e8bd,3000,96,1.4135,674,41.85,581
0xc101a400c86db7c05023b4df034f8aac0732a935,2123,54,1.571,733,86.75,562
0x0eed066384cb8e9831dc47e590ddbf6a9b4d5412,829,33,1.8022,428,65.62,527
0x7e3c42d0255dae11a13b02d020dc2412736f6f45,574,25,1.1746,513,96.98,592
0xb75d721c0db7c4d59130733aa2ed3e000fe47965,1153,56,1.7074,735,62.06,586
0xa80e3bbf05363f0ddbfade13763e165a0cfb1718,116,82,1.627,107,7.85,626
0xaa9e434d799ea11ddfa952bd90f807a966d7ca78,2774,63,1.6649,867,91.87,581
0xe62624fb63d10ea7ce3ef748a7ccd5d45e26414f,2815,42,1.5226,2185,57.48,573
0xf64a490ae36e66fb8569aeb91ef959de1538d398,873,17,1.4439,698,94.67,563
0x0afddb59d05175a8e5e42c190cb8323373f27784,2465,61,1.3079,2414,38.89,620
0xf64d1ad66f7a62b20ec523066291eb15a2c4e308,3636,56,1.5611,2190,42.06,560
0x9565fb4f23f1b4e1d5df20d8234aa16fd02cc6b1,2689,34,1.2473,765,68.95,492
0x91bced757caa81213f3214a8eedc3267f3173b64,468,39,1.1451,103,55.13,477
0x0c447455ab8207a0e9178e8ea7ff2556799d13a5,1648,24,1.6597,348,28.24,424
0x9896c0fbc819565d1c8f5728ecd46c769fb82ea2,114,55,1.2224,16,47.95,491
0x55fa650da9131fc5056af84d0a2bce9f01a43911,181,2,1.2977,54,29.72,391
0x6508fb4fd4838046ceb01232440bea2c4aeed90e,3081,67,1.4826,15,36.36,485
0x7eaa4e2875dbb2a37d3040697e9f633568414e3c,2469,52,1.5071,465,62.73,510
0x6ff2ee8c7161355ea1cc7fa3d2b2eb6dbbdea5a6,903,4,1.2507,724,44.85,485
0x9c99b567e043ebfa0a46ea28034b7581a617cf93,1090,100,1.4434,421,57.16,629
0x46774b5e41f12012c1fc9b1be3f9c17b71a6601c,3298,16,0.7055,376,37.62,393
0xd8c08070b5c9f16038f965ff50274de496889a96,1300,32,1.1363,479,20.82,451
0x349e3322aa06c4f67cfe308567d0a3f6bc1e34e6,3426,89,1.6952,1367,4.68,559
0xf99b44eea3c28a09f9fa03566e29765d5943c9cd,280,19,1.3479,97,53.44,456
0x8c80587618a1f4353db45c084e5b38f50581e1e9,168,28,1.3649,74,24.1,459
0x43f38e8b758956b3864425f0ac375d93b6056599,1291,74,1.7455,656,47.0,588
0x5bd3331b8a1bbda69288b2b9c456995890afa514,700,47,1.4111,382,36.55,526
0xaab88033ecb3ca87f53818a3d06c997409d41422,2736,93,1.393,2644,30.03,674
0x8bb615df3438b7e1db9636620a7e4df514e040be,337,50,1.4691,25,35.38,461
0x5f4f03529d452f898fd116bdbd0b43db66de9ba0,1848,46,1.6185,861,80.46,558
0x547d637a10ed74c1ae3945628ea37ccd2ce8324b,1935,92,1.538,1560,86.28,706
0x5c11faabf541266f7119a64cacdd460f98d5a4ba,1379,28,1.2491,657,19.42,459
0x64e050c01114bf66944ee06e3732a4a3b2484b19,3500,63,1.3328,642,35.13,501
0x4a381d304b62e16d7b62272c51ffbcbc2d43b5e1,1240,81,1.4917,942,30.38,621
0x1ca967101613d8d1ef2d3fafcbb53002dbcb9360,828,16,1.8723,534,33.3,480
0x25b4a63233fdef68c92d5bed43ab48b640b8ce4e,884,50,1.6622,169,18.48,463
0xe1978266d87c664c7e593f6cf08a85a718ea61e5,472,41,1.4324,259,81.07,559
0xe24b4db1fbfa91d2ce8f2f91f40f3ad42352371b,2110,15,1.2751,1579,75.02,530
0x8e46df12c0600f71c08f6b4f0dc8ee705d96219c,2305,95,1.5211,287,77.14,601
0xe6d4222b24094bfa711978a46f4949f0ace88890,680,89,1.6201,3,28.98,523
0x3a056ce0c9c51b982d9cdc38ce633ca6c6b4aaa8,1501,16,2.2822,845,39.34,478
0x34320d6823ac5d691bf162f7c7a2a07665e89b17,394,59,1.7611,216,31.66,549
0x52f16bd8beddf5dd50a7757e8f6464101ce58a30,416,44,1.4725,393,9.56,553
0x8fa5aa88bc10657a00f78a0765f2b1d452995b1f,40,65,1.3816,22,16.82,543
0x5879f10c7904c426cfabbe45e2ae86f917563c78,986,37,1.5743,370,32.86,478
0x30741f83d739c09c03ce1456a730ec8eb17e6ebc,1299,67,1.655,766,35.51,574
0x6b4ef6c2ff3f4642286de766709fabe1336ace14,1331,98,1.5959,1154,5.76,647
0xcfe66944aa82aed97f23d445ae554a29b2452795,1811,43,1.4609,1129,94.14,588
0xc4a06f7fa8b5ef826a6705ce18c664fe856468f0,2003,56,1.6949,1655,26.86,579
0x6e955c312c65cefe3228cd1e2be04cb53199d150,1437,69,1.477,1361,89.59,684
0x9afbdc176e22158988b8968dfd50e438d5429a86,1481,45,1.3032,1109,33.37,548
0x78100c1ad43e216d4ef07a8887ed77d67d12646c,1257,16,1.9013,375,2.81,398
0x8e5ad4b051e5ed1e6253b93c957525a3d7a4a2f0,2545,34,1.316,333,45.44,446
0x0f36574ab037ae2c0ca920510171d8a4a457eb85,592,10,0.8838,121,67.89,427
0x58952027026283363adf8afac48cdd13d036aecf,1172,15,1.0965,397,36.43,428
0x01e3010232654bd36543e03b68ff5f2dc36b35f7,1385,5,1.2275,1377,57.8,529
0x0f59debe1247a8aa9bf80e0ff8a8a3550ce0d0e7,3161,57,1.202,310,17.69,458
0x1d7ace3458dc6cb2c5a4481d05e67faaba3e0de8,2123,35,1.1169,1428,64.7,546
0x1dbb1f3b3bcc760479cbefe3c806c729ada076d1,1490,93,1.373,1093,69.88,679
0x4595bfa381714a4c495a79329791c1979a80eada,2236,77,1.4882,2219,40.39,658
0xd5a678ea9825bfb4bd4a040ef82e823895c5aea8,2940,27,1.5215,435,9.35,400
0x59c95b084fe656d2f6a1895bcdec9de97d471918,3160,29,1.5632,1180,80.07,509
0xfcfa5f5f97b472c4cfc6cf8140205b3c4e4adcd4,2295,94,1.6928,328,49.33,575
0x1fd9bd622a7a34f105ccf1cbbf7450d88aa7c5a6,3243,80,1.84,1976,14.18,583
0x14ae400e4d54f9fc35831964f508c8ac3ffc10e6,3291,11,1.3451,1549,61.9,467
0xb238d503976e25628002316558822911020e22fd,1785,87,1.3913,1412,44.09,650
0x5d006975bb543e80c02af8acbdef946a3206e407,3284,30,1.5066,2990,23.63,535
0xd747cdedb6f8f4b7bcd201a74b68328c943fa3bd,3408,52,1.6292,1249,82.56,557
0x895895689438c1ea0fd409055d37c3f9b8dbf129,2888,66,1.4058,1504,44.06,568
0xe64e61075c1ea7f575992f90f3a24abfbced2b61,2543,57,1.4806,1644,90.86,616
0xcac19841a17735a44cd3320423dd609d064253f3,270,15,1.9338,212,16.56,483
0x1502c15bb596145fad1f167107aa6ffe636666ac,2305,61,1.6641,1246,24.41,544
0x3dc5adc71f6db13a8f6fa264a7b09f28cfc3fa14,80,92,1.3735,18,40.49,571
0xf1c9152b5e5522ba70e3695e54f769dc683aa676,274,41,1.9242,41,90.47,514
0x1f8ea52afefbd3c4ad1199bb465d50082dc68979,831,61,1.5389,293,45.76,536
0x49777cc9d3791c078d061d094597351922d9f4c1,1619,90,1.3119,1223,9.65,616
0x1d15122449f8cc2910d0e4d49b52c39fb434d1ed,1181,94,1.3938,787,36.47,638
0x8d7b7767fc283ff348f86f816b0619fd291e3415,2673,63,1.5999,763,90.49,575
0xcfb4ee7907cbb28da3e53ca0062f2c1b5728a60c,1261,90,1.3533,420,7.69,551
0x2dac29ffa6dc8dc18a6f7b33e81d1ccd711881be,2548,33,1.6261,2426,87.25,612
0xea73712ffd580c4fdcbe720d4b2a79d1e9b21041,2501,9,2.1121,1763,71.69,516
0x9f6a5b589815c7d56e78d283d221313b17ebaeb1,3256,22,1.1641,2889,24.73,513
0x1bfd90e13a41916dd90dc568378b60441ab8b034,925,31,1.7507,350,1.03,437
0xfaaad18a89cc1d37ac01a4baaaef8d9ee22c0f1e,183,54,1.5935,128,17.26,546
0xc9055c0a0450a1dd171b0d1c3708c8228164cdd6,2792,69,1.2886,2593,94.07,684
0xd982ea1659b0f397467fe76dbbc52ce1f45cf163,1996,52,1.7557,1119,25.86,531
0xa0348de249b3c34f68f1d80745aa7af6a050592d,2937,71,1.4618,575,30.1,516
0x92215f914d8802224398f53f909adc6e67c99c75,2171,57,1.87,1605,12.6,556
0xa267a1cab290d66df67715fae5ebd34e73e1f80b,677,79,1.4785,226,97.94,620
0xbb12a779f15720933b72b95fb1338b0659a6f438,3233,98,1.5376,2676,59.16,694
0x7e3e4f5288bffda77a0f11b7643c0db87ddea067,1263,52,1.5823,85,3.16,433
0xf04d5ab9dfe002aa4bdc038e74ec944e376dcb06,3398,71,1.4531,1754,66.87,600
0xb3579683af14643168fe6a006d585d3e3c1414e4,1590,68,1.7334,344,8.75,494
0xa6c735cca4a8c0b36573a0123ab1beb0a06f66ea,1758,26,1.4935,744,28.8,459
0x24ef1d3d8104c58c814132c2349f2f244665f426,2902,10,0.8477,2371,50.18,501
0xd65026081e3146411fa6b70447dc4f882c0650d2,3121,29,1.6401,2909,2.84,517
0x0cbd4934c9b0a656405e30ea565f4c50ff44cf51,1470,41,1.4908,233,78.58,499
0x9ad55527ba7b7074212a2b74bdc65d0674daa430,264,62,1.5821,212,30.57,590
0x30c2a816245b2b426b3ead16e9ac0a85611f227b,2906,98,1.2957,598,24.23,564
0xfa968082a2b6035d8b85ed0a03022acba3026bfc,2187,88,1.7229,2066,76.72,711
0xabbe8d702164653cf8a6951bd4303ffa35efb7da,2702,18,1.5191,2230,71.97,546
0x3e8f0402828d167bf3291c32bfb0b29f33049ddc,546,11,2.345,285,32.88,456
0x4f18149f12b5a8c8b43443fd492f865f63a673ae,1384,20,1.2531,318,17.64,404
0x3d6b9012ec78263165ca2beff8ef8f8072effb72,2130,65,1.3417,1427,11.56,555
0x212ff2470d0f65d3b87a092f7f6e3fa3471f4030,3260,64,1.5791,2374,82.88,635
0xe96cc13dfd74b1d164b1f79457304673947ceb21,3124,19,1.6155,2102,62.46,517
0x2d765af3ba7e24cb300e8944b7695b51ebdf65ba,2053,26,1.7054,1205,8.5,465
0xfaf86e850df71607cb83e4dc1e889fcc06bd498d,95,100,1.5318,15,57.93,596
0xec610e86f2d31d8aefc558c7b26e54e0659c5b72,2601,12,1.7784,338,88.71,449
0x309bb04625fa460bb32d4c52ecce1d9da485675b,1637,30,1.399,830,61.4,511
0xb19a41098d3aece7c17b505879dc023f8356a645,3019,87,1.7392,2600,7.24,627
0xc8d312ca092f771d9fb7c76f945b348fa2b2d0cf,391,65,1.6242,145,55.71,557
0xff17978c1b869ee64f48ce9c6d039bece6f645ee,3448,65,1.6646,1832,47.11,573
0x7ae3b49b4134250caa14e60631b5fb5f1a46fe55,3556,59,1.2772,1876,16.04,525
0x47553cf6d1bfb58ea0082577e8f773c816b1699d,80,34,2.4823,1,73.57,468
0x87b44209dfce9f7f058b377d4be8b9d0573bda73,1288,51,2.0837,646,47.88,545
0x1a3385e4d0015526286f394d12f9f7a9319e64d8,663,90,1.4657,564,87.15,709
0xf3fef251ddcd24c227d478fc86b52dc6cb3da242,3313,82,1.4403,2206,1.26,579
0xb8863f77bcacfde4a388ad7f86a54d1bfe9867b3,575,74,1.2179,438,24.46,598
0x6e329929a409d79eafa16625718ab3471bc8dfad,2380,7,0.8866,578,50.78,410
0x25d5edb8064db557d670c09cc45218d7094407cd,2395,7,2.487,811,20.9,410
0xa6ba37aa35ae8dee94501148431af3edc901a5ee,1048,6,0.7552,974,43.15,502
0x4c50642ee7962ac9c81e6633f367378fc1861f00,3030,36,1.4669,2697,4.76,524
0x4c3f501d3808fbd2c21582470aaed59a5f1c3c95,949,44,1.1652,546,42.31,528
0xca173639113cf442f5ff976836af48b3012cf24b,1615,71,1.6741,1195,35.55,605
0x7e32c627feb738345efc81621062023e8a460390,254,39,1.6961,190,79.14,586
0xd25f18b38c73f77d026797f8884a7f9f57737436,369,55,1.443,365,16.18,588
0x796af64c80967acb072c608f98aa6b21b5bffd59,919,16,1.1402,650,79.88,529
0xc3467f73fabe0dbad020efb7b2b550637e249b45,2784,66,1.504,2701,28.37,620
0xe370d520dfa788f5309ea98eac32fba537695c7b,1321,94,1.28,275,57.64,589
0x5911965bb45aeb345b6659be4b660b20627c7d68,117,5,0.7018,60,29.76,423
0x1aec9cbcc2e2d93b4acb96bf81dbd6aed4d93f3b,2390,67,1.4853,580,98.61,583
0x87e5777a99c7a17dc9f0fc2fc2bf96f3b0008eb8,1107,93,1.4855,564,11.4,588
0xa08c645c9edab16291ac1d22852db9baaa6543b9,1940,52,1.3299,1750,73.06,625
0x03971288ee7221ddaf0a47b6a394e23949a25968,1011,77,1.6039,866,47.36,645
0xb04174c7242d98102c039733f1470495a2f72529,2081,81,1.3257,1730,14.11,614
0x93ecbeb3ec42d1df224d001187406dc4c523ff9c,1476,37,1.5065,761,63.17,529
0x23ebafb87fe901b523e7aaf9023ccdad2210d12b,460,97,1.2774,434,72.65,720
0x6e1c1715f5d8b3fc8a732cde1372e2765f2a594b,2557,56,1.0262,2315,6.34,564
0x5c9043ab953bc4147f74d1b189a53348cdc7c88d,378,21,1.7146,166,87.09,512
0x4bafd7b5f8400b3910438c467d3ed8db373b212b,2768,1,0.441,1311,63.48,440
0x726be9db68e3e01d0297f8299a24c46231aa43b4,244,12,1.3979,201,74.29,535
0x1b460bf7c56ee5f7cda78376e1daf010f6507328,3095,64,1.6405,2367,96.46,655
0x8801b97d635457b306e8b569bbd561276bb3841c,864,85,1.3915,453,51.43,613
0x88e38d084785433d4792e0dccd8e2ca7d977b5ef,1098,76,1.2742,200,91.63,583
0x214ee02c6dee1032023d3423441ac5a7e3d0d3ed,3373,10,2.2101,1011,54.9,441
0xb2fefcc55b1cf2fa52f7a7c956b83f49d8bc46a7,1247,48,1.381,152,19.42,447
0x79a89130e6121ba9848691e894c147d344bfcde2,3171,61,1.4176,1744,75.04,593
0x441f500894b907535e29f781edb3403907c369aa,3469,95,1.3408,2588,86.85,702
0xeb7bc5c998cc55ebac0146f5b7209a832c0f4d89,596,64,1.6606,553,64.85,648
0x21c82f55adb47f5485104bd1bca07eb34595d72b,2900,77,1.3533,2042,63.01,636
0xa4ba3d36da34b0ca8546f39fe7634ba1854ead7c,2249,38,1.714,61,92.68,489
0xc81bea2757cdfc8901472f192cf7b2f616037390,644,21,1.5775,270,48.83,469
0x4958e58f128d8185208bbcc5dc6d02396508b570,2659,1,2.1252,220,75.86,411
0x1936179671785802851083eaebe5b538d33f97d0,2744,49,1.3077,2498,38.85,586
0xfb4e90b4a9a91d7443d2f4783f68eda923ca7016,3015,7,1.0601,2962,36.77,508
0x432ae54a3468e8d9d3bff763e7fd9324f393d7f7,3432,77,1.5312,2754,4.44,594
0xfb498424e6a8758e9a1ed78855d69cc182d4dfb7,1406,44,1.2581,1325,78.42,620
0x25435b793df75f3eadbb23ce37d9137a5eeeae0d,494,18,1.7378,282,59.03,498
0x183d2985608981ef5f6017c69e149e3933fc5120,146,7,1.4765,109,80.39,521
0xf84f2f4d4e23f6055a2afc466b2dd52289e71d76,1246,30,1.597,901,92.03,576
0xac12acf7f7438bb37e050bd64e30307250a21e05,815,96,1.3683,650,75.71,701
0xe367b60e055a3f7bafe82b26a7bdc86d922d1fdd,1135,30,1.3904,501,81.78,521
0x1059bc32b81d8b9d0fcfc72fb389995180e64395,3319,7,0.4284,1863,18.98,421
0xa6c1b225181de59d98d2b61365fe4da878e77d6a,245,6,2.8108,217,45.43,518
0x670c9da9ff5269db73a7c5c6f9bb5a06bb4ed95f,1573,14,1.3819,1515,53.32,539
0x47017fc70c653db56627b19cc33768e95f7ad2b0,779,77,1.9283,630,11.44,606
0x466726315e1279be4534c5097e867a26ff127a83,1243,43,1.0871,1054,63.56,587
0x316a828c03e64e54141b6e9d421d8b43b9099250,1219,11,2.1616,563,68.57,481
0x6e4c9f436472848246c2ac4ac868e6cfd510043f,3197,30,1.6588,1882,52.13,517
0xd2892fc04ff32c6d228ff8087253cb5f044c0717,524,41,1.3605,377,73.82,577
0x7479dff843acb367fcdb24e29dbd2f4e03d82e40,2962,46,1.643,2714,28.25,574
0xdda580e4a997a6789713ee007987cb21cebb23f3,2588,10,1.1057,1520,13.5,432
0x704a7b6feed93cd0ba0b8e715b11b0c0551c4092,665,5,1.3303,321,76.71,472
0x3fe7af0aa7c53f78082baf2d48bfb225a142d8ac,191,59,1.2537,148,69.61,616
0x7eb94700ffd15ec3a4d0978db1cee9f4a879e38f,3389,28,1.4902,1248,13.87,440
0x6d610aee3ca4b93d4281fc80730e0f52ea4f4d61,2572,20,1.4484,216,27.84,394
0x5836e939c0e0a3a72fbd20450ca1959419821dd2,1323,32,1.4162,965,70.91,558
0xfafa83548a9e73c00a93d2c368f54cfe68d34c6b,3063,47,1.3038,2362,85.71,608
0x08e160fc79ee0998e65142ad0e80ba1e4f2820ca,914,9,0.8105,525,80.87,493
0x1a166b8e167192b8ef4bbee0f631dbf4487870c7,1502,4,2.0008,1287,15.49,472
0x868b1937d98f72cf8d52f90f7e65f4343648e91a,356,83,1.3167,349,78.69,704
0xade9ed3c5fcea2434dd25d4796107f79c1538465,838,81,1.5634,108,19.1,516
0xc224abcceaace325212a65ae030d8e6cbf0b30bd,2022,58,1.098,1412,98.61,630
0x9a18661b45d1f44e6fed101eb9dedf310e82352c,738,31,1.9785,719,44.21,572
0x89ec3236e9f038e27322b212ce02587000e063ce,1228,52,1.3731,526,3.86,485
0x519da2f82e7993fe6f25641387c576a3d118286f,2523,60,1.5739,2286,12.16,583
0xb693362d18b27112d0b8b581a1c982098afd2e79,1416,58,1.3196,1414,82.4,661
0x74a7a420ae3e76eeda43b7d1d3c1fe65048e93af,3473,21,1.743,26,7.57,368
0xa114d841ef5ddc30beea265c99edf5927743ca6f,1792,43,1.2916,892,16.08,489
0xba6e5800e9597dbf09f0f008b0ad4f6525adf8ab,1262,73,1.3753,1096,36.48,626
0xd8af5b6725b36c9dfac12bde1b54c840c2b41685,1350,13,1.9755,53,64.16,415
0x2c6cfd35d97078b7aa63111c175b06dfd619e6b3,983,38,1.6717,342,24.43,469
0x7242266d1162c6b0aa34c07af1e21ed36fc2e226,888,44,1.3943,305,75.89,529
0x88373890b3fc555b5eede5a008552c4416f23189,352,99,1.5762,214,64.62,669
0x3e2377de3090db3e1361097219eccdd10231f885,3175,5,2.4457,2266,6.55,448
0x57b5e533c9892a8eb367eb719a840ab67f38c44f,2464,91,1.533,718,8.65,549
0x1c78266385491d73378f09ac43d5e2f11ca05de2,1799,8,1.2075,1009,66.79,478
0xc9058f1f71c7e0a0478677b80ed1c2b1a76af2fc,341,12,1.127,190,61.45,480
0x96bf5be300d797890363dd94b5c3055c5e81c61e,2581,33,2.0414,501,53.05,468
0x5292390ca51eab9f86f2b3241f64e50c7a87665b,734,26,1.2531,198,51.74,456
0x198e09100eea6f54f97f7ac0208dc596b8a061e1,2344,27,1.4253,1095,62.05,500
0x8d4afb7cc0bf29c76b38ba54399b1e476a7c8685,3402,70,1.3185,3055,52.84,640
0xaafcffe8d36b30270abd718591ea50302aad8b8f,2447,32,1.3187,1568,36.43,509
0x48ef69d84b10906c2df8cd9249a76f072e9f3dcf,590,80,1.5674,454,42.47,633
0x56242409e6a6394c1b5e573e8eab51b3904de418,1782,56,1.6947,1123,11.79,535
0x20cbb39876e4140d1559aa320a8a7d485800ffbb,2118,2,0.2223,381,25.26,358
0x8a7807dc8bad5142bf566f2676fdbf3b73318e14,2153,15,1.5432,760,84.68,483
0x2be6feab6beb046e0d9328f6750d1f3f78b262ed,2533,24,1.2589,724,7.36,410
0xbd4e9642c6cf2e0611959f096ef65ac4ce76e7f7,1718,62,1.6741,873,32.43,549
0xc1deb7414bae70e2d285f32e2db6a80d31f2477a,951,17,1.1379,303,14.96,408
0xaa57ab555aa47aaffb17252bb175ea38afd2be40,2240,32,1.3483,1221,95.12,554
0xa5a49d867ec5053a585907cff5f7509a2c748e68,2326,38,1.4478,2196,84.35,616
0x2a39baf5421bfe7c09a0247f34bc11b1f12b5a75,2027,59,1.5498,607,94.15,572
0xb3abf2ebf7fe5a727042940475c33141d83637a2,2387,27,1.3604,948,14.35,441
0xdac0489134586a9e7e17bc00cd70bc12b795af8b,2980,11,1.3955,2294,78.61,530
0x290f997ef638b7087600ef3d61c796eab847b663,2616,3,0.2823,2412,3.45,450
0x476f75dcf319e61b3c8fb6e1420cf7752c2248ab,744,33,1.4583,72,92.47,487
0x11863d60d397b24deb70cc7b1704254450d59aef,3054,50,1.6535,2840,14.18,570
0xa50f38fc11f1947efc4a74862fda1e0650c0798b,1231,2,0.367,387,80.66,435
0xb647e4ecbc467159d53d71d1a904cd4e8de52c37,882,99,1.4415,171,37.06,578
0x63ed23d137521d153527eea20158f53afc4d20b2,709,5,0.4388,218,33.08,393
0x9d4d20509b5685386d5b1a2b3deafeeb78620e27,3219,71,1.3781,1147,0.45,509
0x0d2bab9390f688b0f56e07418074b7cf8c458e8e,93,13,1.9105,12,66.33,430
0x1990d642e154a5e28ba7b82f1638c9c48a820a2c,2501,91,1.4178,1928,3.87,615
0x23bf90a285cc6fe01170a4b49b9540c167d2ec52,3529,48,1.6468,1151,27.01,488
0xcf13740104c99b7cd4708b48835b35b2142c13eb,2509,23,1.0861,1706,58.45,517
0xea6beeba6bbe74e8c0c2275b2d886b9e6ba3210d,2538,45,1.6332,1390,53.44,541
0x2b4761cfa2c7f79224d17e5b5e583dd477618b24,3464,13,1.4941,3463,32.77,523
0x1bd925cad78f2af345488acf012e0f4084c72434,1396,69,1.3778,861,88.49,632
0x44c86b480f73eeb1b8768fa80690503d62d0160b,1601,30,1.1425,1228,5.11,491
0x544f655b170942160b756b47aeff6dd241e7095b,48,18,1.0986,35,24.78,481
0x2b664d21ab15738b4550ac98ddbf51f83d9a3220,2780,34,1.2436,373,85.18,485
0xb0afc03ff7e1c896e1fc5ba554183e49b2091fdb,2737,30,1.3705,2730,16.89,540
0xd0b46204a03d025a4e9c21465878df2cdb5b4d75,1410,1,3.2079,251,79.36,440
0x5cd96d48408e7580e5325542ae719d4224fd9933,652,32,1.5899,532,88.02,590
0x9a8bae2c1ea8c1d999522675f4b849c5e082af7d,1902,85,1.3017,223,90.61,591
0xb6ff4577b19753b0e7f4f8a67f7186ed948a1c64,2979,87,1.5366,2750,6.93,634
0xde31951d808ee21e95d397d9880d783086a0e21d,2652,19,0.9364,1228,11.66,428
0xa9226dfee6d03be65cd3b995923a4e0c78ef8ae5,1837,48,1.6155,704,93.7,563
0x1440784d39d7bff633fc2e20c115d3441e7fe398,2344,48,1.2706,1135,64.77,546
0xad5520804673fa4b0b71a3301344a774eeae8651,1132,93,1.6263,283,17.08,556
0x11cf61fb8acce1f4587d1e280e2d45c5af3b7cbb,555,2,2.3731,294,24.03,431
0x2c338e686daccf7edd94c07189843902306aef26,2396,19,1.598,1015,26.36,443
0x43071dc77614e6ac05e9db58ae9205c87fb78529,779,37,1.8602,195,35.5,465
0x5d02299f75011c55dabedfd14e49f7dd7cc3d776,2154,77,1.601,1144,70.06,619
0x9ca849d011145274bff46d3407a2f57101467343,2295,70,1.5993,1940,99.58,682
0xc7181b8edbd03ab78cdbb895abb788f9cae25347,1380,90,1.2673,427,63.47,602
0x2424eec8bc2bd7d3980b45b86df2331dcf2cb1bb,1244,53,1.4097,524,33.03,516
0x0ce26c572c182743dbe59bf8eaeb83e7f7eb1e59,561,52,1.6704,57,54.19,490
0x5b2574ea1311bc3d4ef0917b31537ca91858c4b5,2771,93,1.6271,1795,78.12,677
0x933a90351299e9aa311ff5d74afc3a94eb993994,1344,25,1.3641,712,90.51,533
0x456104d6a8a02e7ac7b47dd612259899b921dde7,3145,53,1.2855,2460,56.75,592
0x1003d236b9e0a23a5813733354179efb954f28cf,2863,41,1.6451,2561,41.34,573
0xff5329286d56eff71fd8e7c4fdea82e26abdd68d,2425,71,1.5199,1661,36.69,596
0x5628dc53450c39e63da3593925f4b57ba242c5c9,635,33,1.898,433,7.33,494
0x8da24e73a790a80ecffa3108b90dae81517f92b6,287,66,1.3992,270,13.86,600
0xb0006ec60b81f95e7fb5ef9fbd8e1992cce873e6,644,30,1.5244,167,42.14,456
0x1433891f1b92e1b32e7d503e090de60fa6c34091,1223,39,1.4216,96,63.26,467
0x3d746a4efc141245c98346006d524f7a50cc4b8f,1488,41,1.6133,889,9.44,497
0x95f75df963ffb1f83eda5d13e42f6e931ddc7a6c,2347,82,1.3958,1092,27.08,574
0xf04c28083a2e240abdde41b4a1460fe86dc1dd10,1136,93,1.5607,15,64.18,567
0x13ee008e335b4fdd1fade5101b7a40215d28af20,2208,44,1.2775,1539,20.34,525
0x973d02174304674b1764048a009d91553f900d32,1477,81,1.6584,1469,99.39,727
0x8be4d4dfe453cc30b92737c24d95b8f46a04137c,3172,8,1.1903,941,31.17,403
0xa42521e38d506e80a1de6514504a63c0f4fe12bf,711,96,1.6306,632,26.59,668
0x6812435ac3cf437ec638be221aa4306b6d9dc171,2245,21,1.4381,83,69.71,431
0xefb9e32d279cc77b51710764bf10915542e966a4,2813,18,1.5157,161,49.72,409
0xfd85b074b5296243abd0d29b739e66d9546dbb9e,221,4,0.4518,20,51.21,377
0x072c5edea7e3a5dbe9ae5fd811f954b77c62f636,3624,85,1.4175,1276,6.61,543
0xcf3aefdd0869e584fb4c64898ebb2261bcbd41d0,3274,72,1.1165,635,54.15,538
0x9f4a0dbc024d8b6a783dcdf11ae10c07d07d5803,3017,10,1.4985,2752,73.21,545
0x026e73407bb1ab25b42ee1178990429f8f17cd49,74,30,1.2635,17,81.23,488
0xdd13dd2f3c46ffa7bd6d660f13ab0309d5eac528,3508,51,1.6693,1960,75.0,577
0x27df6c8e261bffeddec56320c04239ad9e361a58,1384,53,1.5439,511,65.87,542
0x89dd211ea9575bac11fc9d7acc07baef513ec7a0,2602,77,1.3502,1921,40.02,618
0x3feb71c4ace0293bd119a1d546276aee6777938c,3417,3,0.5195,1889,62.15,456
0xb7f03794669ec2885ea07cb0b2077feffa55265e,504,71,1.1989,266,5.43,538
0x466cd77e0e8c5635baba6e5aa8dcef83d721d90b,661,22,2.0216,428,20.3,481
0x530492a0587f66d0bf76c225aa8cbcb864827948,1001,43,1.2842,804,15.83,535
0x685c7cc7c0b23bd63d11b6887529a6428032301f,3297,15,1.5825,2377,10.89,464
0x78b20e0fcaf83c67c289d5c249ed74164d5ad1bb,2184,66,1.5902,1221,75.9,607
0xe2de4efc38004e66de9ad7c1f73d659d958fbffd,953,11,1.5964,912,21.98,503
0xb970beb3dd1f4946068e2e4fcafc98355e3af9c0,3012,25,1.3545,567,85.33,477
0x3a26a7a5943304573411cde4f3407d20ef2e405e,679,96,1.4781,138,10.77,548
0x1da0f3d3a6614fa25649c6bf0a8e8fbfadab1807,206,67,1.2791,153,21.47,579
0x451ba46357931029a287cb286ca698aae5eedadf,2711,83,1.5706,566,42.63,555
0xed79d3472588d9265b458fbabbed2262499cd4f7,1630,44,1.4782,893,46.5,531
0x9cee985e6ed7b737e7de8eaa61fb4b5196e274e1,2135,70,1.6567,662,39.14,542
0x90da9fdeecc47f360ab7475200c9c1a2fd73c5e7,3342,98,1.506,2128,74.12,680
0x02a3f675512a8a129875c1624081a6b97fcfaf9b,3595,93,1.6102,3025,55.14,683
0x6d4791bae074cf1a6107cb99983e57797804d1b7,2706,98,1.806,1221,86.61,668
0x84983a8dc19e89799ea55e2d9a483fded80da8ee,1439,82,1.1614,896,61.17,630
0x93205fb87a1ec2f9432d15ed71dc84af4a0ac635,1894,89,1.5716,834,63.92,623
0x58f648fc9167da40e37a6e3b5c67de42595baa35,3230,34,1.3618,2333,3.78,493
0xdad332d4dcf4d03251e639143a27945d39387914,1642,43,1.2868,1536,33.48,572
0xc5946b5f1b7b9bf337ed92ad5c203325ecf545e2,3492,69,1.6131,3017,28.51,612
0x219c1154850ac6f89f9306944cd004e8e47ac801,2532,33,1.2637,882,73.47,504
0x6582ccbf3d7de3dd56f97c9c99f4d75fb2f9818b,1357,14,2.3345,705,95.35,524
0xf14893d605650c477975cc2ad0bf0865c293297f,2517,17,0.9195,1491,50.41,482
0xb1e1e6078404a7e619e095912fcb493817dd1923,1595,83,1.5815,968,63.5,636
0x233cd5a20f8472e00b5efdd9aa502b1f226aa4f8,3550,90,1.5053,1129,77.68,620
0x2d7ffbe8d95983226ab231851f310ccf3dad3c7f,1959,99,1.7826,119,20.0,544
0x6246549c20ef77c072affea751a0efb01af5cf62,3070,15,2.0267,1543,5.35,431
0xabcbc6a235a660901781f62616a9d72025284b54,2439,25,2.2997,1584,82.49,552
0x546ee630d643a34af4543e4b97ce66f6aab52f72,774,39,1.0382,553,88.74,584
0xd4258b9180c8af2b392754110fb61e4987593213,861,5,1.9316,24,94.27,427
0x5c6f77699fa8a018bd8cda2ca1a4ddb41e133a76,374,20,1.315,75,81.1,464
0x9161ace0e2d0b730d2d65e64fedc11cb6f50d960,2883,8,1.4007,919,59.3,437
0x55a45cb2f89e9035dce117cd3b96c8a4e5908c73,1382,64,1.3689,764,66.9,591
0x89174d5b99e6b9d3a727071cc1f6bff16b7e4ef0,1063,75,1.089,104,75.16,550
0x68dda34042e742d9af22f653f3adfd5ded3b8487,3598,14,1.207,2693,15.42,467
0x4108eb66a32f5c92773c7a6b4b7257c4987a6494,1256,20,1.4452,437,62.87,469
0xb25ff495b19508c225d6330e6829843aef4d387d,3216,28,1.1842,1788,58.14,509
0xb4655632991dd1ae8241167b567cfea0610bbab9,2511,70,1.3176,268,7.06,476
0x8108c37bccc3f751372cbe857dd9064da2b1ab41,1409,100,1.6897,976,64.98,685
0x5a10e187c6fde895b00b287fb58467a4541409e5,1408,56,1.7264,51,80.37,515
0xf1a4db79164c6273278b190b30a5bc1069cf5c29,1575,59,1.5517,863,65.82,581
0xcabf56d49528c9ecfdc332ab0c23a8b92e6a4f79,2644,68,1.3635,2489,85.71,676
0x9078d094b2ed7639f87c2bf3ef6dc50a1f1ad8ff,3181,88,1.4281,1610,36.61,602
0x7b8bbd55cd5578affee89eae059c962524a1bb0a,1502,57,1.3124,151,61.88,504
0x35d2514223bbe3f631d405cba24a9383c270ca80,2932,72,1.6057,2418,4.16,587
0xab9290463a3948251561a07f249122c49d231df3,3571,35,1.8759,1769,15.54,478
0x87e8a255f3139b449c1ef2027de3774662fec6f1,2283,53,1.3697,716,72.7,539
0xc51bf7a83be019cb8095ea9a2ec39cba37d1f504,2059,47,1.0905,1053,42.92,524
0x560dda113794a4eefcc94d358f366f9f6004cd33,1195,49,1.3725,310,36.49,487
0x0d87deae1bbe4667001a4aebc4258b020863527e,919,29,1.5025,858,14.07,527
0x4f4a5d9c02b8bf91575aefbd7fa213408d3ff524,2800,5,0.4122,1114,77.15,450
0xc7a7051811c11d61f41a93e172832431d983408d,1066,92,1.6904,140,78.67,599
0x7df3a0394e4ecaf83290e96dfd23021bf47fa633,1658,34,1.4412,1394,11.52,520
0x2a43999ab1bf72e982b723de46ecfe9e7c97ef31,304,16,1.0225,271,14.21,490
0xae1859fdd649557e238101d80e08763b4b09279e,697,16,1.4254,497,98.2,551
0x483d8d911c4c5f3bd052b6cf39bc1c3231577536,748,97,1.926,588,47.62,678
0xe187a81c6d23eefb9e9a7449f6a510f4f61947fa,2386,71,1.5575,948,52.41,569
0x973a197c8ed9e974766eb5fe532a36f73fcd8b43,938,5,2.075,80,88.68,432
0x780544757c65487466ef4656d3c9fb3399b14161,2871,28,2.0302,290,37.03,428
0xd52f13a7536bd8dd2c1eacd06b378d379c555585,1485,25,1.1925,986,87.43,548
0xc7b87bb92b66dac9a6777695defcab2f88f90c55,999,59,1.3452,231,55.21,521
0x56777ca2e9cf024746375f12a235ac8346085681,701,71,1.272,364,34.07,566
0x3b208a87ace0f437e7f315f1ac41881856e90d9a,561,23,1.6325,207,76.89,494
0x1c9688ee14c9651472665ee9cbff9331d114aaaa,352,36,1.5559,156,30.03,484
0xde8f969c77aa910ed1cd195f807c95133d6740e2,1218,8,1.4656,549,4.4,402
0x216721dc94893eab607349e56f9cba66016d022b,2755,51,1.3824,1232,80.67,563
0x2820f404fc6624da929158ef8b71e491a795c736,3557,49,1.6431,2727,80.61,610
0x38fa52663b72865deb02f196ba42d7cfb9fc5639,974,66,1.2541,776,38.98,603
0xb0a541662653076e82ba1d8076ac68a0cdaa04ef,591,72,1.5026,270,97.27,624
0x1018d743be8c4286e8a5e41c6aebb41958bb92f2,1057,86,1.5039,854,87.53,695
0x0037e83212aa8111edd760e5d962ce186212d8c7,77,96,1.6231,29,60.86,625
0xfb0d76e7c3fc4c2186ec0868611580b3a357d31e,1907,16,1.518,413,65.6,445
0x77f6c7b701b90856aacae996948c2f551f72e620,1105,82,1.6083,1098,70.33,699
0x77fe87b8f45689dd9f38b542e1457ed5ce98f9ee,1892,1,4.7767,343,69.73,446
0x9e0c5b6db3649fee6624864dfad3122420d2f876,2883,10,1.3436,2047,55.14,495
0x1cbd60aa7d0bf8be6b10b2ecc0b8a2fda97f5b11,3356,72,1.6159,224,15.16,485
0x3ed756991309831b8a64d0812a3c02638c766959,1147,46,1.7993,1041,40.13,586
0xc619434e2897937d35feb4ff7703cdc81ccc5c85,631,89,1.682,38,83.56,587
0x5967518864e2aeb126c4d3546f8b2b82280f5460,590,48,1.0184,37,45.55,461
0xb67e81c49867dbbf12d3e0a64e44094c0b7b2c1b,1295,30,1.6769,1130,94.99,602
0x923f4380e2b19d13b5d7c9b5fe3d97d162cba43e,3542,3,2.1488,438,57.11,403
0x7882e8be857b9d77309453cddf38ed80f6464743,2779,86,1.6602,1702,92.21,672
0x9daa0bcd3c927db8fff4dc1d7298ef8fbd046ffd,3121,55,1.2912,854,1.17,465
0x208803262996a9dd95fbee32c1829ae50ac93eff,2710,53,1.6012,897,57.05,528
0xf504a96657e92c13878e51a0c3e27963a1cd2cb7,2937,78,1.8342,2763,93.99,709
0x37ce21a1a3ce0ca28c4b1cc18e3b75e983eb735d,1345,88,1.367,242,46.9,563
0x7671d5c110fd620a12e27122596aa66675611611,3205,5,2.1115,1486,36.62,437
0xddbf58b656f999f1acd28102f254c499f16b007a,3003,45,1.4528,19,59.45,464
0x45f58638d86973848ac406399943b53166859ea7,1956,47,1.2486,339,17.16,449
0x509fd14dea32f52b4f833693bbd92ee685ccab3a,1603,30,1.3759,949,71.53,534
0xadfe37ca4bb213d6f36838bb37a4c0b779167a52,2385,88,1.6129,1748,31.34,633
0xde2f37b37a35de1be8eac8bd4f61556f7d9888d4,188,31,1.3429,146,9.15,501
0x819d106ad8a2df8feffcac08c1e1a46e495faf4f,2399,25,1.6087,1012,85.44,514
0x7bac1a628bd1818e62799eb36c223f0b5bf938f6,2521,58,1.5783,1594,77.25,603
0xda0d715b634d3cf40d33abd713a778d4c0998493,2760,47,1.7364,1681,21.38,524
0xcc748c64a69860b244b28960b1a71ce6d31363e4,205,87,1.5176,163,31.1,639
0xb4800d1bdb7b4aed4f5e1ca4200ec8b179644dce,3433,1,0.6055,1954,98.35,491
0x19008f0c5268a2f6ff3b4c885f6018aeeaccb4d7,3433,50,1.3215,170,46.01,466
0xa75666c6d561c265518eef2997588412319f222d,1302,100,1.5952,277,47.15,595
0xcf41f16772b2e509a5b32da0a49876eb25d96786,2093,43,1.7287,1413,79.21,583
0x320effc3901bea18030b944e23da345e11185ef4,3472,37,1.482,2574,58.82,558
0x78b172e98880e9b8ac96fe234874175fae8d515a,2436,46,1.5653,1654,84.37,593
0x066d7f50a77f20544f66e01552d587b24e19a78f,3433,96,1.4179,1337,62.01,626
0xf998ec64e32fed913ac1cf03e731cbd9aa280257,102,70,1.4589,61,33.81,578
0x2b4641774e5eb2fe4cb1d8bf8387f7af06da7cae,239,23,2.022,33,89.24,476
0xfb1fcf0496093adb51eae58c8b78592e441a1530,2774,74,1.3388,572,69.12,561
0x44ae928104da074f22125bd35b4c094a35d38951,3106,2,1.6345,829,12.37,372
0x362b7bf6b825e01308a97f61587dee90d39f2412,2309,68,1.3894,502,29.48,511
0xb4ea8532f19ab2e2b755677d6ab0f4e5d2440ffd,2621,39,1.3746,440,36.04,452
0x24d0d32c5067147bf89101056fc86335923d7d88,782,71,1.4639,644,56.64,636
0xb3c942a49638ff48e689af1cc3e66cb1e80c9582,2183,87,1.3372,23,70.33,559
0x79b717d37db37ffc55573499b457cae38084be8a,1606,90,1.4226,1550,71.55,710
0xc23ad52cfe71cef1db664f6d317699bdbc464f7f,1715,2,1.9864,1137,88.11,511
0x250a1223c14dc97737270e59be4f34a92ceb24d9,1598,91,1.254,37,62.85,560
0xccd8756522791ddfb8dede51cd965da7dae16622,797,78,1.3089,568,1.52,577
0x19dd85956ffc5793d7ff0efb1ecfff40484e239b,2566,68,1.393,298,51.57,518
0x6b5455c85b8bfdb7107878a222e67eab67a68b5b,518,99,1.4611,472,22.28,671
0xbea3aa069b1e4799f414893fb91a718fc811960f,2150,19,1.4892,1258,73.11,513
0xe62c51e6b2d4ce949e718133474f1331692dd770,347,71,1.6817,118,34.8,544
0x0d3247df083b64f5470612e75e7b7c747bbddbea,2733,27,2.1693,1105,84.4,520
0x7d75a1687f353a7eee85f0ae045cacfcde75103e,3399,72,1.7363,942,34.54,537
0x2decea3590b63b22d1555274d99d67312c924071,3340,98,1.4423,1951,13.32,611
0x7738a4f10241fee28687a0bc944cc5233a89bfab,1579,1,0.1691,61,65.31,374
0xa3fb89f5cd99ffe0e0889de8bf515cb0e95ad514,1051,67,1.6739,704,66.7,617
0x241a6608db521de76396724d25bec767a5782876,3600,32,1.4992,508,76.17,476
0xf699c9148116b98b2e1fc360e50655c863eefa5d,1611,57,1.4943,879,45.89,556
0x3440f6b8c459a79cbffd0f3a68d97bb8a7811423,2641,100,1.247,1837,70.73,687
0x618230d15abeeae08560b09b2905859dc02fb433,382,19,0.8698,212,99.57,529
0x838920eb9962777dc7a7fc410bd3793e777b9a84,275,9,1.5834,206,72.04,518
0x2467109330f4952ba01442a1e4058ef1b78ce938,1632,73,1.3239,939,84.12,629
0x65a59915badb384f2953eb2ac87928849504addf,2230,65,1.3614,1015,7.47,519
0x225d7090b1d2ad462da1af126d9bff664abd9333,2263,34,1.3881,1207,52.22,514
0xf8f92782e358201e74c7f673bd56dbba2b9641eb,922,29,0.8516,73,8.75,387
0xda2802f123b7885d9102144acd5c43f597860607,292,99,1.3819,179,66.71,670
0x0b3ed974b8981f4397fc4cbf52dd41dbe2545695,2516,14,1.4301,1543,87.99,522
0x104185dbf8703f2fde5e49dd0be1dcccffb61db4,1383,48,1.3759,89,9.35,428
0x659b66cea0b5680380924afe2fc9f76a01dca0a9,370,14,1.3752,92,32.47,411
0xe934007e5ee04cb0f500e2e4b82fa5a8158c47ed,1146,9,1.4693,652,74.25,492
0xb0f79b48834e350691ecd1f18fdcbb83c3c4fb98,2061,24,2.1956,3,5.51,375
0xc7527774aa678396f40cfc1676c123c9a8c3f4e4,2175,62,1.3971,778,97.21,588
0x754c29b693c1df2640f1a7ee93bf77c1aa4b055a,253,69,1.5383,78,57.41,557
0x7b5401aa62b2d7f9c6c891647833000882ddbafd,3476,58,1.6668,2651,41.07,588
0x7ebf336a0a90e7db0209f63bdd93342909acbe8e,2779,23,1.4305,2564,89.67,588
0x82f7953d7bce8f5784168445f906d0138cd07579,51,43,1.6853,50,47.44,597
0x4009f072c0db483c1eae8e79e5a2f7f46a120bf0,1338,89,1.2738,1176,37.13,659
0xcea0e790aad5826c10895ae9a93508e9c7aa1bef,1604,51,1.5861,666,77.92,558
0x6ef5a84779313a5e57525ae2caf0a12b986a6b91,1871,84,1.5299,53,99.57,587
0x7205b6e74727355b7a155e8e7d6d5babaf6ef771,409,77,1.6765,18,33.99,511
0xd47ebe6878b560ac22c396f6acf1129cd590fd14,1054,7,1.6702,53,42.03,380
0x2f7eb7799bca348bebec96cd3ab353a6ca78b8df,674,46,1.2436,410,66.53,562
0x88d38e0d9b7b716fffa27d2d8ff768e072afde1e,498,18,1.5415,243,31.23,455
0x7f4ceec52c3421d14e93cf7f13e086b6b12e6869,2432,33,1.2626,1324,6.02,466
0x959896f0c1c16bf1f88773c4b835d98092043e91,216,94,1.2114,100,26.43,595
0x7d532d6b09518a7323f1f1c7096a0125c5154b6b,1063,91,1.6515,699,0.91,598
0x592672acd7d303f065b4b02939ffcc3d72d03e53,972,99,1.7246,331,65.42,631
0x8d9a89d507f7d8c1bd13da7f8fd72b01fbd73a6a,2530,97,1.4212,29,77.2,587
0xc2fe27ee0d2de2edad44cb5434fd07ff2aab48ea,3342,11,1.6377,3244,18.74,502
0x6e39e5fcec9bde3f40e53373745b8857d0be844f,1836,90,1.7283,442,37.64,571
0xc9648803c08eeca82c45085afe8854d4e3cc96fc,2487,11,1.2861,1324,94.46,509
0x8fc79ef466e0e71daefe27d18da4f7f284a23c72,3488,100,1.4746,1861,77.89,672
0x2e018c6f8df189510057ffe9a0e28f26ffa1b1df,3534,83,1.6031,844,59.33,577
0xdc3beda0d82680df9903076ddf82cb7c172cfbab,320,11,1.9652,102,37.94,427
0xbd37c9b37d2edd4d54e48a9fa3673895d23cc174,1954,65,1.5662,1176,60.01,595
0x401d211bcad7298357bcdb71b13c1b32e7f9e935,610,88,1.4757,465,49.81,654
0xce31a4baff62ac537018a3dfb480e73de0197b21,1657,27,1.4657,1613,7.09,521
0xcbdc401601c4e1b67f58fbab873e901bc04a1528,1060,74,1.232,737,90.52,655
0x66a9404ce5d32ab85d310894f04dc3ede9fa40ff,1158,84,1.4615,665,27.37,596
0xa9145178152aced4d5bfcefb52be119614d8fb51,1896,48,1.4671,1857,48.58,606
0x0e0057d2f4385755989817d2c406222a405d802e,527,74,1.278,346,21.8,581
0xfcadcafe5743ce2c7875d6373f7fb20f8dfd32c0,1743,33,1.7862,1672,42.29,570
0xeccce81cdb56c3793175d444a0e73a9c1ec3ab49,2430,65,1.5661,686,98.32,586
0x5a375695fc1387e9864597a7d2f56b7f69c4e0dd,1309,81,1.5118,1285,71.18,695
0x2375fba45efc7568540cb8929c185676052e8cd8,1541,58,1.7314,744,97.28,603
0x981cd3be69dd0f9861aa16b0b909dfcb4fb177fe,2069,3,1.3934,1098,75.62,475
0x2b569cc8a67e9d8542dafc20dee43936a17fa717,3549,22,1.5323,2618,92.87,562
0xe97c326e76059d912fa908e49d0cdb0885404c28,463,42,1.1914,283,10.58,498
0xc2a131e278f29d214fb1e99114abeb946ea0bf80,2582,12,1.0192,2,73.73,408
0x579e3cde39d281817ed50300b5a8222972966a4b,1210,95,1.1319,1083,13.48,649
0x389edab92556a67ebc01c7e9a9d5b4dc5bfe0e18,3131,42,1.493,613,2.42,430
0xf01f3eb450162ecc7a6f01c7ddd53c0421a0f167,329,18,1.5461,87,87.68,478
0xf6eea7e6a890a281ef167e3b69760d3d731fd644,341,80,1.2347,148,17.89,555
0x8dc5262367df838fb836a9d60de4a430e86177df,777,47,1.5416,103,65.76,495
0xf872d1055da301f34db4a28ab6e504014fcf6cce,2503,24,1.8959,1987,95.91,581
0x5fec53790b22beefb6aec0c369f3e7c2935158bd,707,64,1.4995,463,37.37,578
0xaa54d7fdd083f4c13335a1293c342e86f3810c84,249,32,1.3366,64,65.71,481
0xe4dcf404eb64459c05e93e2f8e7d07afb80eab5b,1335,77,1.7324,1246,96.98,708
0x0604c1f006f78352764639dc09cbbd13f20a987f,1506,37,1.2616,97,98.76,495
0x967395b36294c953cc3aa55b5153b7cf4d8c3904,777,44,1.654,373,97.68,574
0xccf9c97cc82b78c123dbb898ded000a377b6523e,193,41,1.5864,176,43.5,578
0x9b7d50a6a6e761d06a120014e40c08b773111573,357,28,1.4198,28,47.18,429
0x2c3522010d559071d8803b84c8e736de58c77cd8,98,77,1.4487,78,71.72,659
0x9a695d675e0b5ee8581ae0b03b72bc687faa8d67,1766,84,1.1206,1636,42.6,660
0x013f05c575fe0e9998163ebd1321abf66a85ff4e,2148,6,1.9464,1111,22.86,431
0x55edf2d9a6b58afdb30fd57a902ae7a9f9349e8e,1986,85,1.3052,1280,81.35,661
0xcd201f720fdbb3e152be28ae68efd8923da65c3f,2757,21,1.537,1551,56.2,497
0xaea42bcc20f11569e5f3b85382b8dd629a064ba8,2238,46,1.2227,1492,40.5,544
0xa58ee586110cb44f617290f9ba6c1e2caf53a5dc,225,82,1.4472,92,98.75,638
0x3225f6ecef5d0b196566daed314583b72e746279,3431,41,1.4688,3409,77.34,623
0xcf8f9bd56de98e0d61840917bcd1e48aeec5bc47,2549,51,1.9704,764,18.39,485
0xd407b0774886f03f413c56bf35e803b338cc58bc,3454,49,1.4015,2525,41.21,562
0xeb68f414bbb954092561b666463a2370f28356dd,759,40,2.0042,541,5.27,512
0x69cdfc12ab248b03f7a11b93abecb92694df5edf,755,73,1.2822,519,73.92,635
0x0c94f047a111afd7954f8d5832f3178cd7ca7e5b,1581,49,1.7756,491,96.02,558
0xb093d3edcaf72d4551895427045ce41f1b876cc6,985,43,1.2812,489,13.1,486
0x3be17082d7a95c7e77cc625857803b6c9f862f67,705,68,1.7828,347,86.28,613
0xce597d53c0f5e7a49538882267eaab2c0669883f,876,37,1.3516,212,49.69,473
0xf42be3ea512d59d89ca992fb2fbc6811a71ae681,1968,43,1.3347,1310,61.77,560
0xe44e3d730e2c205ee71f1459ec0ca6075c428fca,1878,74,1.3002,999,83.58,624
0x519f8c19f7a21c647bd9698d52b7f83cf35cd1b4,727,33,1.0075,587,70.52,567
0x844759ed4c691e1972802e43b5c2d3da1b09e621,3018,5,1.297,1924,36.6,455
0x2f2f4950a43d3133d3c25544dd5a95e04cca1c9b,2744,50,1.2825,1705,63.84,569
0x7eb0c577bd3c8096537212f7034ad6aea7c8f39d,745,90,1.4497,435,3.16,585
0xd5a054170e1658c693417de1a0a1064a765675a9,2625,99,1.6819,387,41.57,578
0x3b611ed78a9b05594d3862a8ee1992887b4a893d,3532,31,1.7731,2159,29.66,501
0x5e08fc503cdbc88e2d9c0c03892196dd2b503e45,167,34,1.745,59,70.13,508
0xf1c708bef168160388d8c4105ede355a07f6cd9f,2210,62,1.5104,1367,41.04,572
0xf09a699fe1cfc819fdb79f7d844fa02112bd0e39,1674,64,1.5959,1355,27.32,592
0x17a409bc9517449ffa12c199617e70cd6d5cfe82,996,62,1.3969,402,51.68,550
0xf66fee3b66a31d4e937765a0a3c9b877a2832af9,1254,30,1.3836,733,97.15,558
0x5f4c3d5964853b1e4604e6d79d99e2dce520b346,3334,48,1.7352,617,55.86,496
0xb16386e0e120e4bd0d364a5df3636ab7e8d363aa,3574,83,1.4414,193,18.77,507
0x016274b7869eca354dd9d5788fb4f0bb512f082a,2668,21,1.0805,2121,9.48,481
0x30333a69c043a09edada2ca9d5e9831b5f9de1c5,395,36,1.6016,17,63.84,458
0x02e00cedfb8feb25b018fbf259890201a3455b3f,2094,87,1.6599,795,44.66,592
0x135d2b9faf71dfd23e0ae2a49680080aa6bda35a,1501,3,2.4553,1269,73.38,530
0x9253eb8e502919eff118e83fc38d4324dce13e87,2328,26,1.2731,1651,21.18,492
0xc32c8b1273a28e3e378175420967d4f0a429a3ef,304,96,1.7518,243,56.18,685
0x1840063c98978d95e5aaab27b15a26906039fda7,2437,90,1.3531,1414,13.47,594
0x734f7017acf7dca30fbd5c01d207294bd8b4521c,2144,61,1.233,2015,27.13,602
